id,0,1,2,3,4
5001,1358.1484139653485,1141.5553980875247,1632.0905552365673,1272.0494334038049,2401.761737287999
5002,2515.1680410569784,2117.966846746756,2009.3346755697946,2544.561855759883,3932.235427471123
5003,1828.820243523185,1421.5077061425195,1615.060091473666,1791.0537831840572,1864.3234227029752
5004,2640.5263565817204,1769.5961535765998,1841.49092467632,2513.080476026593,3842.4237094916953
5005,1905.2306430400354,1622.9175768542334,1893.5791629831413,1977.9194141901276,2914.7861330305914
5006,2110.124375133784,1738.2779103327564,1728.9747215864068,1881.1010163592316,1979.4890844805054
5007,2524.392118414516,2512.5764389366304,2111.549259288504,2825.419556407205,3690.771625590028
5008,2389.411519482607,2142.8239006588346,2303.7086026504103,3043.962316739981,3466.165085882669
5009,1723.6446256207346,1727.5575332960975,2199.327992682401,1817.6184546907427,3390.7494568625134
5010,1426.3331633043963,1379.6578306115762,1820.1892424385724,1213.169727750479,1332.6581384471328
5011,2110.984202936784,1855.869553604805,1954.315556750008,2162.2525548716158,2445.9651740164045
5012,4335.929283571528,3561.7100819509465,3252.3513581627203,4013.3916643329176,6751.097140232579
5013,1781.5889196893095,1540.5757615727396,1881.4782080410073,1525.116778345537,2373.353174549038
5014,1128.974157354119,1114.7068350956627,1900.0175791161303,1529.4453915347476,2005.5871684725726
5015,2247.5488021270994,2555.710841440401,1957.1019164111408,2549.899881871649,4584.038522938107
5016,1381.1033341921795,980.8613595713119,2080.612277100984,1594.7611828065476,2479.210454172188
5017,1688.2162213067334,1602.8618176398404,1689.2043498484322,1640.6004092305418,2767.188872040128
5018,2546.115251100116,1617.2142083926035,2171.7116101869733,2628.3508574893444,3844.484183635462
5019,1285.5019781192125,1079.82467069301,1602.2202534669095,1261.3025724138572,2247.2613878127436
5020,1560.5635334175406,1563.5492163023957,2020.1079957450613,1643.2072222955146,2928.2382996013544
5021,1413.0962546318613,1246.5446295960844,1644.754226653096,1755.4856024713197,2417.3504022819925
5022,2694.0084738415776,1587.2692395385916,2355.724192460437,2373.929405783449,4197.451574851989
5023,2597.181869263492,2369.220359036405,2734.0697132700548,3244.161433397934,4469.5868306395205
5024,2060.4814261894808,1792.1329377944814,2143.753680565439,2534.986811766669,2488.7152935216004
5025,1486.3802237402508,1294.1373882275252,1781.2762542832456,1524.562169132104,2829.6164267548866
5026,1500.364007264919,1286.59786900428,1665.6897627249352,1402.758225332384,2358.230199275517
5027,2043.7693814713311,1627.9327274652246,1758.6928239381464,1553.8176154096468,2019.4656027757462
5028,1288.1180567452166,1307.663667041683,1834.1465454809256,1531.1880677143256,2724.396666723087
5029,1556.162636263784,1484.9150985794242,2134.687912343699,1521.2986039682926,2598.281609850683
5030,2122.925083217069,1352.024874875078,1872.774376521206,1989.6106808368152,2994.2432093787647
5031,2375.644160884151,2063.859130170088,1978.6316164299164,2286.704445240749,3989.336192544266
5032,2409.7316412724936,1947.2996785727885,2548.441695134637,2115.2856296358455,4089.5558174453554
5033,1906.4856994242075,2237.3926809170407,1855.2284090574497,1800.3230976140228,2701.3854539063555
5034,2442.7056826974617,2407.7890951939544,1862.929475728208,1466.0026637471178,3345.0793038945553
5035,2713.0869154982524,2286.033663432489,2198.0226721426952,3125.6347339280687,4956.106973760275
5036,1707.762520770622,1327.9423646690566,1943.25279689516,1802.2895990183115,2596.9134041118164
5037,2474.1269022964802,2369.6396459702232,2316.728615169967,2180.2315627981734,3426.729199283086
5038,3175.0592725108368,2510.719803278373,2557.6176310557457,3542.3775752506954,5079.446026464592
5039,3913.320710514504,3276.944788639457,2914.3025370331416,3455.0654310229725,5802.110601567218
5040,2231.3267344162914,1951.4079921762489,2360.3729952057306,1777.2594991040262,3480.523136715295
5041,2030.3488191156075,1715.6113553071255,2599.850619187029,2126.989063842773,3712.397449080335
5042,2342.724531810935,1765.7599837069556,1654.9392518509824,2840.304691261617,3843.9554687466266
5043,1871.217306206813,1628.1383040004098,1763.572954083076,1671.2204640403104,2439.4175506379306
5044,1553.8756101734134,1507.4885033135806,1805.3237365404493,1371.9311880703215,2333.8421583977306
5045,3114.0118488798084,2243.0193707603758,2571.214101390552,2803.118707731336,4838.3208314951535
5046,1222.5604193150564,1190.7224754194474,1859.0187285373504,1524.4119448794988,2399.965600797621
5047,1919.7856898018963,1805.4761462378344,2061.159017794557,1712.3134981618632,3177.8634002824724
5048,3046.249280641991,2383.285695561761,2743.072949440945,3230.0963119849384,5430.436416405855
5049,1523.3677105457375,1375.5518721689166,1886.2112200373972,1186.0178947762954,1883.3415141526712
5050,2450.4325029867555,2150.3624982912065,2027.42275722236,3095.267839377587,4829.269278126443
5051,2681.107617220949,2057.824830858629,2761.05374542791,2557.2036054726714,4386.131703520091
5052,2886.8311190787426,2903.576519180322,3115.700488851702,2468.255301876279,4990.200309199189
5053,2608.558131451737,2433.0862673666993,2256.6183523524232,2467.757726965347,3301.767892381572
5054,2149.065237719122,1386.9290342660074,1916.3854520993395,1970.2399804102447,2842.326707283548
5055,1574.7060593616782,1292.1106295605805,2044.7624418444839,1390.1344926689344,2006.2667041932905
5056,3232.8289972612474,3147.694071237846,3015.5800027888995,3468.469764805862,6396.593559417029
5057,1069.6870537799216,1039.297549250483,1943.7755826253208,1634.9626163491962,2388.289793081587
5058,1401.0184100736822,1247.9254799150078,1751.7764985540243,1854.3218048131093,3355.040004160259
5059,2918.2207238581263,2402.83585672935,2381.594986038135,3014.803722722608,3867.8292934537512
5060,1920.0690887618505,1601.3955667276425,1701.0775214911764,1819.3290537023388,2001.7573199638487
5061,5628.777884680347,4188.28742470414,3423.246868017176,4484.001037179837,7276.600242861761
5062,2739.941090427308,2671.034206942112,1810.3706391461567,2873.1701308010097,4045.463523143391
5063,1547.183591746117,1320.8483194375667,1590.7358816296653,1167.3953606768928,1377.0439662511833
5064,2332.840153576619,2447.854199598716,3033.452275118343,1925.5329173775147,4159.006231124445
5065,5745.857161647355,3845.195872421335,3181.452732248825,5649.810196152022,7788.481669080708
5066,1992.7583788257346,1730.895272991964,1790.9406477437344,1610.2133775057034,2379.1108928641784
5067,1827.0395546111515,1925.6677543524509,1983.6954419569568,1607.8689456719171,2685.364580955065
5068,2041.5868370203175,1752.518375746805,1871.567254046748,2356.7429572867873,3066.9576235516734
5069,2090.71802358189,1817.8061222052359,1896.779335707549,2239.505562742964,2640.7802198090094
5070,1303.5097448469726,1126.3830406709924,1671.934308970926,1121.0835991317608,1749.953622500459
5071,5875.221552533884,5655.790742340222,5143.278002019824,3513.077946883903,10236.506400152837
5072,2878.128008678972,2257.408145404583,2693.791498282299,2244.775158486561,3876.8678995175214
5073,1812.566715148456,1637.0693854839515,2195.771489399122,1853.3319242554169,3272.2601538350277
5074,1781.6528200849082,2328.231135073156,1828.013959369203,1995.0140476728839,3898.0864997233402
5075,2260.290495536503,2209.8678442826854,2020.1637869581511,2411.432766540769,4421.690464517499
5076,1850.1658116947604,1494.2218370464805,1577.0154934148875,1888.0301923220334,1721.8104656738049
5077,5234.894851526729,3974.151643595373,3734.073612256624,5674.230720373608,7564.415611940834
5078,1928.5814420195554,2114.9097300227804,2168.308771151841,2048.986616695749,2848.773952009151
5079,2356.3418717654063,2128.8723670084114,2022.8158659778449,2798.8290663949424,3605.9483509856423
5080,2632.058913658407,1621.9402904336146,1715.5937854081938,2497.5433549280665,3561.1097556942877
5081,1143.7381966777073,818.9492298070458,1242.8248842101516,909.5045181484337,1173.3687684407123
5082,2044.4194501928384,1590.0293058455293,1851.6701675798172,1915.911609583089,3105.0952617674243
5083,1680.8765185047198,1532.5205599780857,1964.5762561254933,2240.2214024202112,3269.1496428907417
5084,1807.1764088711475,1750.5224352930447,2290.437738294563,1912.1507980575586,3616.916448049817
5085,1637.107825330271,1309.3850962752642,1908.3054307352966,1564.7673839744346,2048.4069613842885
5086,5137.902841886643,4171.3130939588455,3154.6705331126263,5367.4786790222115,7225.154984188093
5087,1495.3434460138994,1335.6314386293107,1799.3848708250034,2830.261904868608,3368.4665668439047
5088,2241.2470024548074,2130.9076122251604,2398.4509468737883,3113.5641212691944,3714.887024727894
5089,2069.0652920856633,2024.8333827177253,2173.3743560741327,1641.8266754253234,3193.00143071486
5090,2205.3698317444987,1803.0885291527984,1664.6648133799301,2310.205180001976,3257.9435700909316
5091,1876.959022790946,1601.8437581957196,1786.4868920967162,1777.537627276309,2319.3159193312413
5092,4210.157046543228,2964.863985356845,2535.4839489251376,4568.771881347493,6026.306218385304
5093,1681.2989559224634,1583.9661015425995,2008.1965735801568,1652.1373851727178,2607.3025802249895
5094,2035.337381607729,1730.085457004781,1906.062525856257,1886.2194277833953,3083.9610944889705
5095,1625.1349349245327,1373.2445636053073,1687.4013789409644,1912.5652002465429,3320.411837829461
5096,1511.9893853752444,1344.547555213208,1736.5764047751136,2007.9550906862603,2107.578791955955
5097,2227.393473507295,1746.7704175652304,2103.584556782336,2058.5365205919047,3776.3364744397304
5098,2632.073629966741,2517.6138913038435,2339.1380056519038,2940.751346838078,3812.8222580449537
5099,3650.7414916352172,3166.8470054526288,2884.5952951745476,4075.153865656551,6338.938061750637
5100,1518.9535639706091,1374.1007972987331,1812.5607475865088,1395.420267087566,2351.6099727018513
5101,2224.0181215601638,1907.4281280013986,1995.0677879082143,2454.3030573425544,3454.900890055125
5102,2617.667188784364,2381.668339611135,2359.2952321403727,2293.1163293170607,3434.9138183833443
5103,1617.9756883446287,1383.6471302195978,1624.8035490504321,1403.0499136629242,2475.8578841119406
5104,2014.2381515731424,1243.996382481292,1538.8813279811352,1665.7010656683447,2811.7117067088475
5105,1785.4341273533078,1162.7833001424353,1776.5216940359437,1648.803535570835,2363.298781037036
5106,4578.994195003179,3836.404433152932,3422.133944201229,5866.079917984272,7169.093376023562
5107,2000.9394390407085,1760.662394899264,2021.1876820053274,1600.3591792797386,2269.688993677751
5108,3707.6417568084776,3155.270767908069,3207.081783264447,4369.0155382767825,5514.806926691327
5109,1933.320560681055,1760.423541022,1900.4926366450088,1525.2837915833736,2527.8384244503704
5110,2782.384456341376,2151.215761717048,2902.7712568979864,3283.743611220269,4840.785769370267
5111,1510.1576693825796,1117.6942814306203,1387.8360491437666,1448.764066312619,1885.639566450861
5112,1592.3340573937646,1532.3601941833026,2241.9445818250038,1473.8965819933892,2223.510573677672
5113,2411.049408381654,2488.8694999077525,2485.9926830198074,3371.5982044308557,5887.254273201312
5114,1653.6111113163315,1102.8548230322313,2032.2704597497632,1532.718322820738,2225.723435322837
5115,1672.8423117347147,1423.4388818350014,1830.5374236814985,1926.7551437343566,2331.525133746159
5116,2974.572982867956,2461.056862049097,3655.451831429046,3501.192561552377,4727.734782137491
5117,1585.0355582533853,1328.3505822348413,1627.9562302801348,1362.7541846133574,1863.293633440167
5118,2146.7723030184256,1773.3221517607012,1738.6744475013074,2111.133762262661,2700.2684627293747
5119,1582.7852784079134,1325.1689285152374,2181.4141714290413,1265.9555001460435,1753.3771532637434
5120,1666.6813857792574,1576.923124962063,2148.482496106112,2558.452831103323,3634.222429673519
5121,3635.8737188430846,2476.4712098171576,2406.168927574293,3072.859939626292,6223.666843279561
5122,1683.0945512787632,1724.9798673084185,1825.3424084385733,1654.859723716573,3029.644833753112
5123,1293.9971052364938,1182.6313869706305,1566.859395433161,868.9238079341341,1496.0274754834586
5124,2041.6124032893845,1700.4973046249481,1690.6184853911789,2006.5413129821195,3436.910745577459
5125,2030.2256164299952,1680.8571168524882,1702.1997580038153,2324.6376845524883,3256.63885342889
5126,1288.8951871211946,1140.2104043146587,1477.7844570408238,1187.3093393521885,1591.2479867453608
5127,2044.798877674229,1831.3098850276833,2042.793393169197,1678.226257596801,2466.5678765574207
5128,1951.4875687190122,1828.0495532631,2000.5951977767065,2011.9426958872687,3217.095374694447
5129,1883.3774613913274,1503.7638683736786,1511.7012951602842,1479.7083487438672,1744.8123400773802
5130,4377.541139387558,5401.76557025646,5943.523731522027,4054.1740767969063,11857.223633496333
5131,1558.1468587860534,1470.325841914742,2087.4530937514637,1497.925703340045,2531.4445425151603
5132,2080.133812732864,1588.0059543664536,2084.0041641184607,1929.8108957203754,3375.8799320333637
5133,2922.504144089043,2942.7619919479753,3502.726675530605,4006.0091915568514,6934.001602997574
5134,2583.6193126789913,2446.2293387976692,2463.9641451534703,2641.268562460345,4533.776614823608
5135,2162.9147058047893,1993.3202093948873,2330.7468330839,2179.0584666364302,3985.447518526401
5136,1422.231855827495,1376.0587133431009,1791.496724053725,1448.8557173756708,2249.4478794707966
5137,1870.5658443191646,1587.922125620388,1784.1072682941315,1639.1273961774546,2449.509912030218
5138,2048.1990803540953,1813.211990286701,2089.303365146897,2430.025688757189,2676.7914136012114
5139,2683.3710452189302,2514.330553716243,2545.628840659167,2179.790693676225,3427.6026093396367
5140,1529.658803540627,1357.1307249144154,1877.4640397504238,1444.9717826209478,2621.111941017326
5141,2157.7444055086826,1721.9440647218994,2400.2277004051707,2652.009243664858,4050.855540154565
5142,1861.5517621560311,1246.5654607954261,1984.4197747201213,1745.7152292727123,2725.9078541253148
5143,1636.1244839210299,1629.8385081317872,2122.702705850046,1824.6788597489622,3251.4574907727424
5144,6155.411026730864,9012.98095375984,3274.4448092826783,6596.824880660651,10139.583471448423
5145,3122.998264444101,2415.568120340393,2612.150655542301,3110.790741232378,5202.021409418384
5146,2175.286784268062,1976.8419252612325,1985.8873247749696,2169.2103709511257,3186.999965635545
5147,1599.1188559929485,1331.3081956420913,1802.7966009070199,1217.8236087480047,1896.9846498579436
5148,2063.745289636309,1889.8995979671988,1788.2234477001898,2297.1616740406907,2709.854031122171
5149,1219.737469519977,1131.3305551869867,1654.6123424932046,1436.209931225793,2009.617154367625
5150,2309.811492241081,2190.7335294029285,2046.251143834943,1883.822423791125,3794.9898499720102
5151,1574.0103877456027,1041.7713732812467,1849.2887891641599,1468.8977541926306,2157.4674407257794
5152,1847.3224298301047,1534.6627201449282,2171.3242414974397,2076.702880816906,3029.861513217424
5153,1537.851370045038,1328.5514922369505,1690.0084709873424,1419.2225242224106,2617.8310781007567
5154,1919.5080135137573,1636.8417522648401,1838.034484313073,2248.6086900366945,2528.4436094723987
5155,2498.305461246657,2212.6040036751006,2170.5098357886345,2766.0726222494905,3528.755408050746
5156,1929.4232162505307,1654.8677559810262,1701.2307241391632,1894.9760437020109,1906.359631435124
5157,2673.325373555001,2482.742731420728,2174.241269028088,2531.191587792565,4287.317562278009
5158,1874.751629388432,1526.4647394165713,1774.6301145673572,1421.352723722394,2351.1423967019323
5159,1624.9365001918436,1156.3405773300376,1995.0523673668977,1621.5026527677276,2396.74062199099
5160,3305.695493485546,2722.4626598565146,2883.1749721715196,3365.592245287089,4634.464531940513
5161,3339.255336751017,3009.2953378635616,2900.9993155713405,3833.803476243923,5793.185394438262
5162,2264.8078232879348,1741.0197104708825,2145.6132701435986,2097.7119511239302,2926.9040945077422
5163,2798.305501708919,2204.3596965985007,2012.6602373748199,2601.083656686193,4767.874571446545
5164,3798.336418789292,3314.097340197028,3207.983502672265,3593.5440879905746,6610.940012690063
5165,1988.2394045905835,1597.586822025743,1845.9352840226754,2304.967024049222,3063.112757471393
5166,3571.5308828606708,2670.401568886737,3067.099073626611,3042.5020526403737,4978.32001284143
5167,1972.5481667283696,2018.8789938441128,1956.2530365281552,1936.7757461195315,3093.854065944807
5168,2478.5220433230866,2336.317247995397,2551.399606876793,2830.738360792193,3667.455139301337
5169,1930.7243135223318,1732.6046611501056,2109.00282640969,1754.2265470310815,2550.43715180544
5170,2694.991581118733,2326.031628149617,2839.789770338594,2535.751611895809,4596.606031275644
5171,3347.543278680388,2844.1605811135937,2914.9884405445923,3238.500786159011,4882.108275829099
5172,5660.387858798654,4090.274800907264,3614.4439170411074,4970.6976936284445,8371.954176052615
5173,2103.064538220367,2021.694955148736,1674.2626706423453,2137.408513587134,3094.5512548759166
5174,2647.206663846401,1840.549518065556,2336.951914240861,2294.7285457013627,3885.594138039785
5175,1472.2029391827182,1360.4129037504888,1871.7908570532786,1632.4751550422914,2136.5860554400406
5176,1922.4562649772104,1773.2218926150726,2230.2616987236515,1989.659315228919,3873.118205168186
5177,1514.4926021512194,1368.3375066908566,1795.0684055942154,1468.2823577862234,2271.0091646670317
5178,2589.287450355452,2437.0505843266337,2427.288550813397,3081.2015555303587,3563.490930027795
5179,2197.7756663882874,1781.1033901274845,1687.8069828606235,2271.782589020212,3209.7989883581736
5180,1532.6653643344773,1404.8195278319656,1859.123676424992,1818.8471586488479,3042.5818679280155
5181,2407.130130567929,2199.10110294926,2189.211750222972,2500.784074421092,2843.832927884298
5182,2099.714901847652,1911.7351260572427,2247.0306417227553,1509.7619599155155,2626.101523956719
5183,2651.272024648703,2281.681652605172,2244.4339453462117,2361.6585213114977,5440.429371057996
5184,2614.719576414793,1838.278452448113,1986.6900805349976,3009.675824293935,3907.859721929273
5185,1922.7268216867847,1627.3504196345996,1900.4109274310931,1933.535302510624,2843.506551264874
5186,2067.7195651386505,1574.7674099965573,2212.6917898748143,1880.9450083480067,3427.487704044037
5187,6209.362058403714,6989.954192164678,7557.428352443086,4558.285965586939,11338.23285289882
5188,1519.7545207642236,1093.3817938050977,2367.8117434445207,1845.7047058021922,2363.842501910342
5189,4741.002521821136,5019.540773794865,4249.255084407978,5436.185526314946,8248.451144238126
5190,2464.8547777287245,1949.1448960010773,1996.6703114983509,2482.0720128293474,3088.4457186288164
5191,2882.26405835598,2077.4391969195176,2213.340529254318,2550.828882221274,4187.13867425189
5192,964.1424938986064,863.2259595022692,1605.537027819108,1222.2576368795226,1925.0211100141955
5193,2571.3516171379433,2596.237371126725,2633.8121519900715,2799.009308874859,3867.687389430711
5194,2089.7656277494007,1902.6321979824145,2127.699084649321,2026.3781302779005,3284.363663535112
5195,2461.405712148708,1607.4540276188222,1911.5748028065705,2612.443727130672,3083.729703971212
5196,2418.962081515487,2791.3235313147247,1795.9797998405884,2622.782922401248,3958.9831045198057
5197,1735.7298532800314,1462.182754274848,1831.8029153853101,1422.9893171325375,1947.4496965235649
5198,2431.7269109322706,2344.39786431594,2148.0969842420864,2605.0782915398268,3210.183724009053
5199,1625.8656901490726,1450.7027323295815,1648.118364684657,1089.472672069002,1671.6486765919096
5200,1542.0968182785746,1417.5848306041516,1964.1728760890574,1389.4519457657993,1876.6462934817555
5201,2863.8189114142406,1947.3964088272614,2170.9621584938986,3149.5789321916027,3896.4889156433956
5202,2452.8803178625108,2357.309321913645,2554.8994548243304,1952.753100561812,3782.8139578516452
5203,1555.0399083409436,1479.496030030979,2034.4814340897406,1688.337675564708,2849.4202857705545
5204,3094.3734566378066,2447.43786550782,2983.107000709604,2973.6481442249,4552.574274048813
5205,2889.5432220204834,2456.3517473493284,2596.6745084730883,2836.624382284309,4795.706893465269
5206,2613.4807452023088,1966.1303475753257,2001.468992973811,1882.8946585838705,3146.693904474789
5207,2093.7891795279106,1848.4007432379929,2147.9495371424096,1778.8964617376312,3259.2680829040955
5208,1580.2881080799493,1369.2275346946499,1793.6820439259625,1665.0375120805759,2640.6871206441174
5209,2793.8321608225224,2606.71829039162,2295.1348494974804,2935.685868638681,3911.8751402899497
5210,3440.1804272479944,3316.3102284408396,3405.9844115770416,2714.525640461879,7559.369149003311
5211,3784.688865461874,3071.9123181644622,2926.541311704189,4225.481940524375,5925.0065296405755
5212,1314.673356344663,1126.961621672871,1635.026565242125,1199.2654003747161,1394.8682730363935
5213,2357.6316869361467,2052.343639997069,2507.9046454832833,1977.5802538710516,3324.9556612982165
5214,4301.001550207197,3619.907445404866,2747.77800266371,3635.942856346504,7665.651817421044
5215,1171.6958185929645,1094.7230510431757,1824.4351317092319,1434.4539952871344,2203.0523544448724
5216,4098.625006746162,4705.837220499313,3043.942339176879,4380.055692733137,7017.5147254829935
5217,2858.8201587953113,2366.3352324435473,2694.39242255309,2674.268541112886,5545.030830757108
5218,1782.0781791466222,1517.9260089277109,1842.584104643884,1990.981849474572,4172.7590176698495
5219,1992.2877999739685,1864.3572275911015,2727.0258173648995,2287.1656643122683,2337.900240772046
5220,1688.9624832289435,1528.6221886606907,2332.0796067020788,1563.9465476072164,2799.9018782547123
5221,1667.8459786332962,1395.8427062786834,1755.8473901097104,2557.177503371639,3272.005100712035
5222,1331.277205094319,1198.2764521230595,1871.7425154802213,1270.7639251465373,2300.8349472242817
5223,2026.5688278318112,1774.1919211830018,1870.214531332566,1427.3606826348687,2733.371285547513
5224,1524.318192809317,1373.1861740536112,1667.8377160639307,1246.2537016670765,1849.898035076967
5225,1328.086090562493,1094.0241035647693,1426.0945585934796,1383.3682822151595,2662.7584567684853
5226,2472.0390550000393,1939.1025287783125,2115.2466237765666,1978.6589645405274,3650.65976899031
5227,5316.211659967613,4887.63043131938,3693.879057737217,5333.301532816526,8718.406197726712
5228,2416.0827493305983,1850.6507326677568,2957.177281854161,2606.655756645996,4121.0056842794165
5229,1910.3507374643848,1679.1858384124234,1884.4241526826013,1687.2594516378986,2583.3356617476657
5230,3512.314604256563,2258.6707516845945,1977.149792613211,3054.49410835717,4418.143825768212
5231,3157.0659601247667,2401.0525539571986,2867.600934350512,2986.589764779391,5137.021959669199
5232,2145.776553698593,1481.510211176997,1858.98259462008,1969.2548857155027,2767.52346535756
5233,2017.5384795727928,1728.7184051850134,1836.9781045744242,1696.5663614483087,2261.879656692435
5234,2753.3000482221037,1899.2983740259529,2068.937319495784,2247.932817489727,3508.0287098702083
5235,2009.2497187089639,1960.921247602493,1692.3469356088985,2954.438555560452,4321.662014027586
5236,2915.473769984765,2101.5782309907554,2142.291896017588,2659.5922418212367,4579.4753515835455
5237,1335.150469073842,1134.6918191575205,1866.9008608099607,1188.5752589232966,1622.5481180542392
5238,2080.4221511367778,1850.619547444723,1950.9571006649226,1712.9044455427672,2120.3828006780723
5239,3196.6923635059447,2530.232138637615,2949.0554801688672,2939.2217966829585,4518.075902305187
5240,1708.2307737452795,1775.397525837881,2384.33376026501,1738.6275270214069,3321.46276241988
5241,1328.7297105712746,1264.6436283022886,1517.4703775200846,1360.8399416813984,1123.328961476329
5242,1302.226755013525,1032.0150896291839,1641.6079292131153,1164.1357287239446,1897.433710355503
5243,3032.497445195861,2564.3009584583465,2474.8485265815148,2480.250102259772,4127.372286767665
5244,1611.9485998574912,1535.2117562547305,2256.205007873694,2058.0600758960004,3638.02775682616
5245,2697.795636421777,1991.8626864190287,1870.7759858432998,2345.290527471345,3790.4936522346716
5246,1610.5055005766103,1550.2830903455651,2235.2520812504786,1594.6296557871467,2240.152932649808
5247,3602.652299908505,2591.088267280758,1675.97237870989,3479.359187439143,5219.6805809251155
5248,1978.564644280015,1821.6082366773403,1795.0877925734255,2134.6001351009977,2453.5838663076206
5249,2000.316483237636,1761.5448586737646,1940.3493407186954,1927.0972638232518,2281.338823451385
5250,1830.2909899029207,1568.8245785000868,1784.5076241806482,1640.2716871527732,2210.926532778503
5251,1875.3299033785281,1727.1632678435647,1986.8561504800991,1531.6738221521255,2925.9908203067603
5252,2474.1125096336605,2255.2233812772265,2174.0776434482877,2079.9290041338927,3414.909644566275
5253,5776.9398787191385,4191.453661888078,3686.90343652574,6473.251250075895,8738.630300440533
5254,2848.9369177002172,1955.7325550144312,2017.0339364234408,2597.7757054659,3471.2084983181107
5255,1419.0440983158105,1278.7108825050698,1621.9669637040738,1207.9877611453032,1798.1435730173907
5256,1510.6538429463365,1241.1648039904728,1958.6755077306327,1438.4037640268168,2311.0653355868913
5257,1822.541445242856,1711.4240855170526,2238.0709532672768,1858.8089818813833,3130.7234710918674
5258,1423.6895220652175,1304.6786492762947,1937.3593196268369,1220.11490053489,2116.9622624980852
5259,5221.315180972039,4653.4413720226785,4158.281394669385,5017.088858802854,8579.355108089265
5260,2688.064157404009,2573.5058656912342,2321.388963103183,3072.7974912569985,3983.6186896868526
5261,1465.3338258352335,1260.9333597888112,1644.1379926804889,2262.806038902174,2238.943672351827
5262,2788.1265677589754,3080.700978762369,2536.758233142029,2638.655184766665,4651.4509926978235
5263,2446.8317493557693,2243.192825703456,2005.3231110968509,2846.217436997927,3953.4389687793273
5264,1643.5811052284091,1912.4347156960625,1523.6689827428138,1552.9499362964646,2945.3665556067485
5265,2152.70319802245,1951.9694899439428,2346.6314595369063,2714.434386199715,3427.7408279830543
5266,1748.9405652352154,1918.214134890204,1730.16818041487,1934.928067251163,2510.84564143517
5267,1569.361802519742,1345.8372116419173,1672.3419721122782,1270.4756959204685,2229.5312123292188
5268,3343.2384609602864,2749.7846976065503,3122.832061982733,4104.392277767923,5664.416474083287
5269,2357.392248859713,2127.046086451502,2272.719264756209,2855.666495095023,4161.523469683847
5270,2148.080965672911,1861.148219001648,2038.0018754968241,1886.086840820854,2924.8152572269864
5271,2694.497509469086,2221.009014490985,2585.4344620099864,2391.527500840555,3623.7581947545336
5272,2764.7247215911493,2717.4189385691384,2309.6393700721906,2827.777491621709,4427.245124894065
5273,1679.2065114804584,1477.1675357577915,1809.2539951867511,1558.3598775811654,2516.0212157724054
5274,2804.5328566654907,2276.0856570236674,2573.288723249133,2925.9897880441163,3650.2643277822335
5275,2333.5522840033364,2618.0740313556407,1786.0216093533445,2574.4651001500024,3452.847266058585
5276,2469.879081443577,2283.918229852159,2225.941171159176,2494.406197846066,3421.707421251001
5277,2208.579668849831,2013.4742279084207,1927.690477323739,2747.5808142471274,3217.1927450841476
5278,2015.8664700679208,2023.430383960156,2325.1984853943004,2950.924226133573,4430.005229590165
5279,3036.457084704672,2362.850928142577,2537.2328165216395,3409.594768445085,4961.878394798709
5280,3639.0792343132384,3185.405491427032,3429.846827493436,3766.138444064659,6810.58651531768
5281,2700.9497658509385,2385.97795304411,2604.8234548586584,2196.130527262291,3864.8536346023884
5282,1329.215682391893,1162.6215454643295,1727.688553684611,1315.955610110024,2315.1590287468907
5283,1464.8360204736932,1326.1725330301076,1908.9041834573184,1212.7238897282687,2124.818664728777
5284,2358.511349534587,2189.1949192992897,2450.092005535897,1889.7651572106267,3949.1855470795235
5285,2069.483666324708,1780.1941272662589,1806.9488318242786,1682.5791441362871,3078.936107388278
5286,1361.5383559926538,1199.5199508637354,1885.6616298154247,1440.079867474452,2115.76550460391
5287,5401.20039219115,5757.554680887606,3433.5030296335194,6203.9531987941,8162.9711133663795
5288,2449.734675872597,2152.3181291687174,2222.9899126031,2263.913713707081,4484.967534377956
5289,1904.411944710755,1651.2345324961102,1726.0436008112533,1666.811490180583,2508.20501480277
5290,1475.4438267977387,1326.8643714186965,1969.4414137068827,1393.8058675506704,1693.4798612170327
5291,2053.5014142988434,1908.6178704002166,1765.9949113530222,2218.168918648397,2897.120709634281
5292,1339.1249990583044,1211.6391621254927,1705.4609426205946,1244.0231572529347,1680.0875252491323
5293,3215.824301894068,2628.885899480405,2778.903376087417,2998.1439155268126,4654.762284773358
5294,1935.7327666280025,1660.378570439363,1877.0936141931168,2079.9194363362453,2136.7031261536677
5295,2807.2650001697984,2620.462008294903,2544.0936254817084,2340.280360828514,4362.031608122376
5296,1116.8299009699608,1183.5933038990495,1754.2078766107682,1294.6685515679885,1299.6886174694264
5297,4175.056541995417,3729.5482830874103,3081.9520468850487,3772.9978830498217,5684.316441735976
5298,1445.0769129073115,1268.5149575634368,1990.961341084108,1383.6520831547837,2094.8867073651236
5299,1784.0147808090833,1549.4837265177796,1900.7042956849752,1375.0125543798865,1982.4913337899702
5300,1288.7369812991071,1224.3189164785474,1929.1357701059928,1506.7934669692538,2465.285315336475
5301,2111.4804253481493,2829.6116184784723,2125.168085772953,2038.3682337151558,4062.94894156135
5302,3749.4471880211663,3306.0266619361896,2180.218614049007,3848.787559473499,5153.006082544845
5303,2199.650962097731,1579.253688701285,1627.0761386104666,1885.5427535762487,2993.4562916142863
5304,3599.528469502537,3079.384173308287,2782.970217028663,3030.976571178377,5696.050221121364
5305,2993.257539691663,2257.6498206260558,2807.922563835453,3009.987980751645,5287.03371012799
5306,2502.6801928202176,1800.978380493801,1860.546815655416,2302.6207656888682,3724.799884131348
5307,1088.3666150718702,987.3823884802988,1680.668418829315,1247.7119323908096,1515.6156345487416
5308,3085.330037750122,2640.2126869751723,2695.461774341817,4704.785994140786,5724.893815515668
5309,1782.486189721572,1420.0302325208945,2026.7816418052832,1480.3854949300626,2381.450808072877
5310,3199.9235029679216,2591.449131063045,2299.6465104128465,3525.7250328861983,5861.058696965099
5311,2280.038707889473,2136.8478393029104,2321.581767640472,2540.553088897138,3609.3242182884496
5312,2601.9645237366485,1628.3083070614593,1798.8789711642146,2090.0229984138346,3335.6134612034557
5313,3754.655976775244,3079.412781526797,2935.7176782998745,3037.9200008581324,5272.425148950998
5314,2993.421716969531,2032.2014629945816,2032.3615253681487,2197.2280876743107,4097.741283792234
5315,1939.481692578848,1697.5208090786841,1821.9225478922006,2112.5955832688564,2866.3135420194603
5316,1796.768384176188,1596.0805119822135,1830.334820767424,1969.2903986184765,3561.892876010245
5317,1256.644850597098,980.8668396836374,1932.895627669596,1840.32834355645,3773.6129003988563
5318,2151.2454320440547,1787.1603723013598,1998.6320139957863,2005.278772770648,3742.8004426277867
5319,2175.977241105875,2040.4950177602896,2206.056976774025,2732.281155610209,2961.039253954268
5320,1494.0798556283166,1445.9625362733966,1955.9124334267276,1407.719088633103,2622.6830225051585
5321,1580.172890629573,1641.7691126858215,2016.473468679596,1883.4802317759686,3127.492162267336
5322,2632.389191689758,2048.8305833358927,3165.022781659739,2770.9855428844708,4077.8377565687824
5323,2790.022840642624,2723.135144233999,2212.1783031327827,2916.506805284041,4223.3534580702135
5324,3239.238114177514,2363.6556958065953,2429.920204396966,3291.01215886564,4258.272204082923
5325,1859.0965539337287,1229.2456254109254,1665.908270094838,2135.6852946145887,3083.1796534905525
5326,4829.784728434526,5434.189937284389,4755.1019700195475,3875.628580885375,7591.963049485848
5327,1868.3379788378104,1595.681148301806,1899.195955611628,2071.778611358852,2917.012490126576
5328,1043.59072946066,952.6391000171376,1531.3528565375448,1333.3142527391788,1954.8341604732732
5329,2028.751956520344,1770.6022339341234,2009.3995944707474,1889.180406263232,2326.2904135087983
5330,4694.884434805465,4234.848161450735,3602.502474656736,5372.487070999313,6836.671304521247
5331,3976.7723181958568,3503.1796153165037,3795.329719924578,3425.130031698582,6400.548436518397
5332,2309.502151428863,1651.8648453401286,2394.2860248466823,2123.0259311295717,4472.540670293786
5333,2414.8725571836594,1557.1204685528558,1885.8716316436128,2259.9410295107823,3472.0051952954664
5334,2932.4599355109167,2704.808750008299,2733.7462725427,2594.7083008581812,5106.2395037713695
5335,2092.137059132613,1848.6272630473845,2064.738518281796,1884.250077763193,2318.001852547286
5336,2503.6927680208983,2395.3530283841933,2441.0396439229235,2272.607912417362,3457.173732207889
5337,1928.4129103232635,1639.4046065474347,1715.2040095120374,2589.7671670135887,3277.108452846503
5338,1896.4025266494186,1634.7402575684732,2177.4196486656724,2904.349663877705,3670.711089178559
5339,2716.135734955356,2563.150502694024,2403.363258080884,2160.6646033096754,3406.238258962402
5340,1583.9149906733594,1068.5117995631267,1915.222180343325,1856.6387423474166,2854.2465055706048
5341,2607.5918110589305,2507.867776476661,2583.514347572353,1946.02970964964,4010.763249530698
5342,2452.6915092039503,2171.928766699782,2067.2557714024697,1982.3336259355465,3228.383518000098
5343,2063.4112848802893,1527.544574601212,2228.718822905229,1888.5130101061611,3350.578527048677
5344,2083.4882247184805,1748.189578990124,1690.7596546630652,1910.6815624849628,3942.94123856918
5345,1959.199805923268,1680.2023998380548,2029.2356523099,1480.6721190354306,1959.5265112210773
5346,1319.0223856779826,1136.6942015846394,1638.0650892716474,1162.3794286869502,1670.2381061415335
5347,1700.3889214104984,1176.7768965151158,2148.9752172460976,1520.526847961265,2221.4436505164167
5348,1247.8797882748402,1113.6491690847133,1718.4786226232293,1594.9892120253892,1552.424953788718
5349,2113.428773070686,1676.360039038953,1871.7461536381063,2233.987420963985,2230.4690435911257
5350,1519.099502049735,1340.2541154398784,1734.8031514678225,1404.372147679323,2238.4490767909388
5351,2380.351280075758,2228.718457600945,2436.4742460697407,2262.4261691900283,4341.405150009432
5352,1817.2632227870133,1255.4339876424906,1838.4936370892672,1810.495206725302,2552.2335838075205
5353,1761.838353945354,1921.423765129381,1826.0449199986056,1669.5663385195955,2604.735109191447
5354,5126.674293755685,4888.3882485219765,6485.4484837070495,5371.796779224669,9747.755692023939
5355,3588.849758861444,3117.724455960588,3119.1424617744988,3313.3244900013397,5487.3757806844715
5356,1531.709927578048,1460.9050637696628,2138.719887862511,1506.1952153485208,2884.9453338493167
5357,5954.5115440371555,4068.8694258355713,3361.666728068917,7097.007002942199,8699.334576893725
5358,1509.3728057250296,976.5571938514287,1737.9618993957354,1378.2079692079544,1822.4401228214392
5359,1698.5765204460452,1343.7965968981775,1755.3705262947726,2264.9930345630937,2161.3522085454333
5360,1373.4303965721824,1295.0852136879394,2165.7001118523112,1093.8266756354355,1633.913264348541
5361,2102.2746821417268,1797.8842682247732,2079.173413458377,2176.6828312392945,2921.372662167132
5362,2161.1532063484838,1953.3882458327653,2131.5737320739645,1544.2737977903962,2284.7242673725978
5363,3269.9828877308314,3454.8556859269647,2628.0472552851097,2388.476555492825,5085.052592069794
5364,1582.7879589945398,1466.2497337726795,1913.719828061092,2158.0176239936527,2286.196825086273
5365,5390.364466834567,4556.359017733537,4227.190849433171,7022.418323042589,8536.411181768892
5366,1792.5893428337274,1513.5231917444946,1802.1639352872405,1910.854527134189,2221.35439383479
5367,1193.9867921346424,970.0284436492892,1825.3768201454761,2013.9874773611805,3398.507247129509
5368,1941.456296127245,1669.0505615412524,2106.242617415789,2051.5290442271994,2987.05546308515
5369,2296.251791006887,2196.739624920897,2166.5384149120214,2024.1084005725968,3188.532484240678
5370,2019.615561629593,1721.6857251244794,1945.4067116686801,2470.466440919228,2671.1307164537175
5371,1460.5702047053742,1317.770024934982,1691.8846231198183,1762.024158831843,2546.7932661160053
5372,1313.168007449052,1036.7490899739744,1665.3069632076333,1027.9933429425776,1866.3271138190853
5373,2225.394599079931,1654.6644188733812,1657.8977558230154,2175.718241637204,2974.3526891543834
5374,2678.141677596228,2618.765094200491,2642.484810477611,2569.505388993179,4629.674810635903
5375,2492.9866825862327,2371.6771550426693,2116.860230676813,2009.6299105075534,3039.752425345451
5376,1388.0909141439106,1244.1181780032455,1575.7436479936052,1350.4992496968398,1972.3638935711883
5377,1962.0278401397989,1869.9485598750105,2408.679024705929,1927.1053198582104,3624.45158478008
5378,1076.3540435843586,1108.1445550761184,1632.5169703821414,1772.818118768486,2205.1970821801915
5379,1161.8541717944686,1139.9449335473555,2007.6818448886468,1953.3564881884768,1299.3094234401606
5380,2452.13813951711,2021.6541007511066,2652.223138226932,2223.8529328882355,4039.492303152647
5381,2619.3780756459782,2384.799339914493,2481.9304276950656,3552.513875082124,3982.836608807081
5382,3468.8240881734505,3741.857004611812,2230.2618178359307,3440.729167968069,5715.888779375995
5383,1969.9599950741786,1713.0791869562238,1812.616460880889,1779.2874831229092,2397.33122053376
5384,2425.458024947611,1851.4391398713767,2926.0822375863186,2878.190448536675,3799.7045575213137
5385,1233.5646231801607,1241.124747715547,1847.4851906612296,1925.3193587267974,2597.353856401181
5386,1754.0277256729673,1511.0500051067147,1735.1160088342695,1353.8525580140545,2534.60366932588
5387,3965.346111623606,4227.535956551111,3428.1515129983472,3184.8996708573877,7822.5013175327485
5388,4525.6957046190555,3054.85208114802,2586.834314487505,4325.768865666982,6945.3670744006995
5389,1484.8854489080168,1326.2000182993304,1916.1733853365313,1580.1081314657827,2983.325307743883
5390,1755.2216607705734,1238.5252091436855,2036.17788262686,1880.2143889117256,3258.3661355183262
5391,1832.3865850683544,1502.4928739508218,1793.6266368052743,1225.8666869140716,1948.2666695781581
5392,2330.292258448978,2090.689379086484,2495.5767778891723,2276.632749397007,4962.778368762101
5393,3442.2448850531337,2819.5036720486432,2633.280698776921,3407.3930271326667,5072.211255834889
5394,1627.1384108456436,1477.931098302019,1855.779216421124,1599.7958648149627,2850.236093279094
5395,4816.533594361242,4250.576542416651,3588.3851350983336,5269.789785761234,7258.343522954503
5396,1924.019473042824,1815.8733190970133,2083.7550268286386,2054.164015008039,3606.228735495609
5397,2182.401456303104,1935.0901993673776,1908.9843724698733,2436.9931272008803,3149.64148494786
5398,1719.4844874454318,1272.2989475096006,2427.448594474036,2111.4927788544096,2809.4855946999687
5399,2146.9143312613387,1818.9868713722421,1883.7100957519147,1748.5135782382638,3092.3141578300874
5400,3104.7399015129217,2924.7659777523163,2646.2028779471993,3670.0979760523546,5204.487759851741
5401,1412.59182585317,1318.3287397859535,1826.8344721071703,1136.2322751642334,1867.2200770879763
5402,4219.551245722765,3887.669952382971,3312.6979919029272,4518.201068215707,7524.955502736258
5403,1916.8652213223224,1338.511794188145,2150.9935284541557,2325.158189172381,3185.460007959729
5404,1884.826836900222,1562.7896355326604,1756.0473562900281,1868.4426687990067,3412.1095398231564
5405,1471.1214158019352,1236.0358162751108,1537.6752255503916,1141.5696825889195,1885.906581339184
5406,2676.479746412573,2423.4204496248612,2033.1724587204435,2482.725564201307,3909.387119331212
5407,2126.6490562966487,1951.7801035859948,2172.870609358028,2904.7325912459637,4443.56757840968
5408,1200.5738175218178,1031.4541503002201,1664.1221665297887,1231.524354513205,1814.7010222917884
5409,2497.993111345561,1966.722880558799,3148.7274532026427,2616.4658590834133,3895.5776656558046
5410,1472.8709108289233,1326.592977611593,1828.935143761695,1506.7488078683475,3003.597717780971
5411,2363.517850328433,2218.8167765831067,2784.2294629407647,2718.186679327953,3819.9045401650105
5412,1610.1155669565244,1355.4263508697395,1754.3572481280899,1379.2720997790493,2265.7440119673247
5413,1339.172916231172,1188.1693337508307,1728.213069111877,1213.4178097704355,1890.27254269952
5414,1409.5249390983975,1207.8980749511404,1658.6050144354745,1157.7170248899201,1931.655619144135
5415,1476.0702598774114,1332.6932837531385,1670.6939743099827,1404.1388761092044,2031.9119867311097
5416,2161.386821590157,2045.9515738453485,1945.387444259592,2237.965152275436,3181.867242666657
5417,2156.9015745102565,1958.0264467001105,2156.5170642352577,2198.454225098572,2590.4542105756873
5418,1302.3013264327726,1199.3432687462966,2045.632434034091,1028.4544220460846,1512.6089640489886
5419,2120.7752552137963,1806.593400852836,2017.5998260215479,1817.0139668761826,2217.849093358817
5420,2174.437848792421,1787.0299374021326,1983.1088385259693,2085.0088591896233,2611.870089003994
5421,1603.1508313711195,1486.3624563637036,1987.6460009948853,2394.854755874204,3258.430112164811
5422,2356.371933708134,2297.8414578234874,1790.7292033476417,2268.534426805809,3072.2939979815706
5423,2295.9195322460973,1615.9921968567087,2480.309193177128,1811.1479165584844,2863.6977976092485
5424,1399.6051847853298,1285.9609257183859,1527.17793152709,1290.0147266231795,1830.7920395801734
5425,3043.482553490229,2682.359727090462,2889.7704703723125,2140.4849812924826,5051.503097581505
5426,1386.0852508941196,1245.3177385594827,1785.7799217513336,1387.3921910049933,1987.3667105285717
5427,2903.4791620571254,3386.412618291769,2075.5363474458554,3356.3045663712455,4824.561137592552
5428,2149.0122189759613,1942.270564880457,2253.900652075305,1607.3220840586166,2467.0673090983523
5429,1316.0586433634594,1227.7472981730866,2141.1814895067555,1537.0259983459189,2457.172701913537
5430,3156.560908051797,2159.026677181952,1988.7419926751093,2654.813579456109,3711.8884093444203
5431,2137.2096724043454,3062.1889426349107,1872.9389135517065,1935.1269032982761,3902.6345907674013
5432,1297.3577896899048,1165.7657413545821,1961.4427999849506,1372.0423504302973,1907.4547206157363
5433,2509.9595441946303,2354.8699774469496,2296.505576838545,2579.170422272897,4437.107664373803
5434,1393.112504885058,1245.292428110581,1607.4636594944452,1496.5710166350555,1863.5918015366478
5435,1752.8965892058786,1536.6408319355185,1988.4239464772265,1454.6609125750465,2306.742856239436
5436,1427.6963454748739,1197.6257191571754,1480.4499585704239,1367.8593662786466,2059.1691031139826
5437,2342.682745133588,2066.3824327236025,2392.725642174877,2753.875757039264,4300.572372329472
5438,2449.587466288417,2281.215310251585,2425.7176100877564,2089.843654753356,4095.3566708592843
5439,2051.5819785691633,1799.6838651189832,2062.688511495033,2110.650591108376,2595.0361870186825
5440,2537.9645578676314,2300.200290144407,2274.6229750904795,2434.816174312297,3023.595664171161
5441,1915.2263747926825,1664.4261634623938,1982.4461995315191,1715.2429206253564,2749.354778974088
5442,1887.435522726627,2220.3994357815923,1979.8726989786303,1988.1000148123576,3130.5986707409534
5443,1918.6113737749795,1830.260156009693,2325.7791888973684,2134.712169442997,3721.536540093814
5444,3008.549992421956,2758.171521916441,2802.1220957920477,2540.8682876693056,6139.358091299191
5445,2255.517319771769,1988.981575549828,2061.5539431348448,1839.4070663167856,2533.3039707421726
5446,1755.0900866479885,1570.0473583925475,2073.5027397554927,1939.4065938221124,3435.913674693117
5447,1949.9122054442605,1788.1468148899216,2200.048850921822,1607.4516769301251,3004.29562105129
5448,1863.294562133488,1540.1618481259375,1767.8687817992886,1562.883156378725,3074.4381391503484
5449,2871.195006596657,2306.188470554281,2380.7386689093028,2880.2784865087187,3515.4565735576857
5450,2030.3539900394333,1852.9112244956152,2310.5990400345167,1472.0515139624465,3241.36436962376
5451,2409.010105726868,2179.114194040912,2133.308614635709,2180.823996833656,3443.8054005021168
5452,1828.8492135637039,1596.3235393484827,1878.25104841797,1712.3185835472389,2752.257449081434
5453,1690.3482133639332,1126.4332468872367,1925.4394864649807,2230.8495663968347,2733.2578748335186
5454,1650.0403645122974,1392.391673198688,1784.4829059412668,1543.9243638108312,2689.0508897159034
5455,1242.2524391138222,1042.3780743589155,1389.0945444568465,1825.3311916731425,2224.659078698672
5456,1852.726608762172,1471.7364514980575,1708.5854211808594,1976.0843682520506,1918.8785465583517
5457,936.372266463252,862.7593040496077,1694.3338483949767,1300.4862239334918,1300.6377983026418
5458,2861.386478617341,1929.5497576799253,1911.7305138298432,2243.131126811514,3346.326709360951
5459,1174.9259045261408,1054.2593757025154,1782.7681643938738,1365.0735737643608,2005.865647241254
5460,1569.6888462891916,1389.627820420537,1768.4778233240545,2287.7139345603005,3429.103278971715
5461,4101.469491255353,3659.124046946104,3289.2783309109923,3906.7570623090105,5964.352882086993
5462,1693.330254717074,1568.0043005142466,2030.349020327378,2525.828342876605,3849.1521571110757
5463,1943.5238652583225,1675.4194999209928,1996.3247225982816,1821.0129992272095,2450.870698931588
5464,2659.9981123462603,1768.1541543788944,1920.3251982216607,2294.8033640373637,3494.1946658047495
5465,2166.327103810693,1926.9809395095874,1917.5160219735053,2003.776339942516,3132.4057708939563
5466,3941.3411937921032,3377.843690923093,3290.2212533042616,4793.1256155380515,7260.58141698793
5467,1605.0405924491827,1659.7963009787447,1783.0509457240494,1708.9526716563962,2761.083514465612
5468,2031.3927425712882,1739.2701828849677,1896.3500516365912,1517.0902595877735,2248.5644997014606
5469,2402.1080927510056,2223.0135490848347,2271.821087661507,2262.596698546421,3187.338265616311
5470,2676.6441432569964,1880.3296154386865,2112.9593172822824,3120.12193527551,5260.399736852409
5471,1582.596459243073,1456.3644489259234,2084.377474989249,1495.7497625812305,2851.7327934777713
5472,2137.2555248655717,1993.6827830048667,2270.303194236875,1725.8578151037539,3284.006815969741
5473,2800.7078213699547,1852.233747910024,2037.9976437949695,2153.667533154145,3027.1604501361585
5474,2208.965918676085,2037.233268831803,2192.262757716218,2026.3543642627621,3016.3818734000943
5475,1775.205848346712,1651.1948350443122,2022.3916554850643,1920.4486013164526,3426.248178004506
5476,3204.301033276008,2620.9932672973755,3212.5087222918864,3101.4244366453054,5318.896926652237
5477,1954.7046331796914,1785.4067425055289,1600.3068005228,1847.507241459768,3077.5110980308386
5478,1972.4530199924468,1737.1092901768716,1832.434425114601,1662.350758346563,2440.3674230526053
5479,3128.7124456241063,2512.931282078423,2527.103699282157,3625.1552237790033,5169.731949425659
5480,1876.4950739041824,1501.4965837444029,1873.2561129508144,1767.3503469508819,2662.8715707745496
5481,1710.859592150469,1626.8458104498575,2095.2096039212847,2990.1144025806225,3578.2512215565325
5482,2169.301907640352,1940.435758756749,2317.594329436239,2301.243399813753,3130.9999864452557
5483,2260.587058979235,1512.588466017986,1828.0277128311184,2229.224537856919,4040.2430100774063
5484,2016.4058051752759,1827.3451164735368,2097.578013140972,1835.56577333272,2695.188325440898
5485,3281.5834732172693,2857.984189823779,2578.6950764566714,3245.2447706841053,4810.406155662544
5486,1603.4258825292661,1438.1812221849325,1727.770031594659,1366.1172843254774,2310.2006404385525
5487,2098.7203053095363,1762.9492969453825,1801.9686087420928,1792.2670752364347,3368.097063618273
5488,4147.369054154901,4000.535542332022,4311.478739325896,5364.177670848236,7540.056621953702
5489,1795.2900359399966,1473.2918227562257,1772.5387208287266,2219.831316325505,1757.3062083306922
5490,1754.796229544825,1675.0050370251165,1898.7576920867032,1761.6204368130414,2843.520850096673
5491,3069.0623352399048,2651.4935141722995,2661.2217698046147,2928.245470996371,4428.090717856987
5492,1785.3401218228214,1547.4823920908536,1922.7009214209068,2641.394178773013,3206.198888121008
5493,2471.32142807303,2224.3718720720763,2273.7640598063713,2514.6894604878953,2977.5312116462055
5494,2070.5502582686445,1828.048258839888,1924.4625162814846,2022.8188245011431,2404.581201799181
5495,2359.5576837799413,2454.6117945884407,2092.554861504519,2356.544660554245,3427.5150268301995
5496,2568.3591571523957,2119.439909555268,1992.8986271743274,2207.5657441169615,4632.566706098486
5497,1539.3243645220182,1313.772782203213,1977.0344403532315,1514.8171238665286,2547.765591812555
5498,3545.128759031527,3197.141607362036,2898.927541940865,3828.9785879920723,5673.911539278696
5499,1348.4486682038694,1203.341363695718,1776.2785827341138,1225.1498111670771,1734.6897725468048
5500,1758.7645803512494,1510.8136370813668,1806.8425603123808,2123.1951629391374,2914.8001320428943
5501,2072.3527331011724,2492.692702844133,2183.4946469148363,2241.643184997849,4054.9946978021826
5502,1842.837598626665,1592.599058896434,1795.4656193463877,2054.43834988232,2507.9850235331237
5503,1763.1652234453366,1867.2524235551807,1786.9384186876066,2429.024310897541,3751.901535348514
5504,2412.0456695482203,2124.9438836582435,2020.9153536591255,2252.46305029876,3369.589820835884
5505,3217.6145605210413,2237.4632159703006,1995.5374606592504,3306.2375818246055,3938.544604322347
5506,2633.206489770515,2914.0401624995757,2131.170814509617,2256.5411286316253,3859.208214459862
5507,1073.4643017700548,979.2727279600334,1549.362918486563,1255.379878845039,1889.8781800276106
5508,3013.780801154485,2659.324885534769,2328.610367995918,2019.2508805953084,5282.468301617336
5509,2313.8545622817137,2405.526230217442,3002.543811736229,2528.998456816305,4215.456836735427
5510,2216.2649580313155,1883.8253120355123,1948.9836221025748,2441.0348613456267,3288.673637887931
5511,1871.538916537508,1583.068418688594,1734.9253187930676,1495.550530353986,1866.267318563615
5512,2425.8455610792716,2479.064839415228,2093.9605533647227,2897.3843103219338,5212.186237021131
5513,1846.678874000461,1566.9285809539804,1853.4977731969213,1838.5421505345284,2971.6021086387163
5514,1652.5569927341598,1578.0324484595417,2165.9379044685525,1655.2843616733355,2541.241237851555
5515,1673.7643656846963,1596.4023231316812,1869.1146642730216,1977.850926089718,3049.1376900383902
5516,1442.0213902808325,1245.2797354699221,1720.86714522971,1185.9203020026089,2078.7356448331184
5517,2301.209518230247,2106.3593871546645,2261.1433546052376,1738.721206982857,3196.515849443402
5518,1682.890950491932,1547.5549319540085,1803.954902344157,2789.6589417381456,3214.508810442122
5519,1963.4092516651267,1834.1454909607864,2151.8971946243782,2000.261798144704,3435.95042842322
5520,2330.8820944702993,2471.480762081103,2216.055241929348,2388.9798847011803,4102.080393529357
5521,1400.7828417249234,1300.182020370162,2000.7046667235784,1247.2228316042795,2269.513194146155
5522,2884.0824896532245,2716.8570646057988,2855.8539839805635,2255.3641815477395,3797.7008505742415
5523,1573.9610150345914,1500.3628760403049,1997.040373241108,1786.5355408606524,3065.232112130771
5524,2298.374615098289,1230.7080974826613,2001.9716060155506,2097.882439023105,2980.6510180712066
5525,1727.348317049016,1604.0094267571176,1864.5985420991608,1256.1776086290124,2005.97661195523
5526,3526.4965413524005,3353.925878777114,3050.3039453736274,2831.0222262469383,4912.673792499899
5527,2881.7486734902764,3010.798932942493,2300.1019128305506,3076.3182312312665,4143.66109246011
5528,3819.040732762266,4106.022065781415,2613.8590699460888,3303.026552988625,5471.191469564692
5529,1765.4419706546255,1807.803172853409,2375.354621642405,2483.65507986758,3213.045777303025
5530,2095.026374858128,1882.2009719513696,2025.5832338386701,2165.3586747401014,3010.083432957902
5531,5285.8524047807205,6082.733181887267,3792.9617925484936,5708.832789289399,8687.905125972089
5532,2303.347008762801,2028.884574226422,2187.584896780311,2107.6302625996045,2980.5068093023397
5533,2334.258867304046,2127.7676954895387,2079.7887466730413,2118.3818216401887,2847.382421863342
5534,1658.2094923302616,1122.0240730858673,1821.7158048251183,1169.2971015055725,1989.974915089921
5535,1485.9964872093326,1415.9097613165357,2003.0783793515,1259.5588720361434,1566.0915335850837
5536,2868.0371406835743,2580.696621377634,2853.7500305874105,2787.3262367000953,4898.023510309529
5537,2182.452873683957,1857.3648015644271,1723.2800159029166,2324.3764429066073,3744.7076435903327
5538,3618.73934825055,3507.863611755328,3093.113091297637,3574.5505309700225,5007.842863505522
5539,2427.9163431627776,2210.631649831325,2186.6689590745364,2519.8449710758928,2959.7048111408894
5540,2596.632217071001,1687.3736444476583,1804.9650990732807,2978.056488370968,4080.656952501958
5541,1484.1979149852255,1278.9095567804266,1732.1476778373205,1375.310419586378,2537.552171898558
5542,4598.507586233714,2903.591007289798,3473.2965606480407,4274.508241077716,6503.439900550874
5543,1906.6055497619088,1849.5651264851401,2304.9881282998667,1740.4593862931454,3784.0262484891473
5544,1242.47108820838,1235.8139119997772,2140.167847527392,1663.2101622855564,2321.3167998515682
5545,1852.7475568154998,1298.6670340167204,2057.684706497085,2186.3359125454035,3551.1668821961134
5546,1942.0933480323831,1711.9326773639127,2089.205233286779,1506.8245887449089,3034.678106307435
5547,2810.9159814489685,3013.2690842452917,2242.4060299780526,3277.507717103173,4584.702811986674
5548,1868.5226357027125,1616.9471357872187,1963.5647017981332,1307.8512374961974,2109.4330332559266
5549,1645.5046658736856,1598.4425237901596,1821.3599382059333,1466.3690574359402,2621.820863514197
5550,2068.1671384835386,2050.507278374117,2722.1088987922312,2899.801213562323,5127.759441044328
5551,1859.6697365908176,1595.891572276907,1819.2332012687605,2214.507306111024,2717.7106965319294
5552,1836.0539389909304,1220.251307140031,1763.2758788796255,1760.3568325148813,3448.5958301480914
5553,3306.7780083315747,2210.383129305641,2088.462439892212,3131.179412214873,4540.4534860177555
5554,1261.1163618949392,1221.502195107323,1806.7485837608701,1528.8581151231806,2118.218652146301
5555,4111.135554123071,3671.322009431261,2903.340190146173,4337.098024896566,7196.995340784859
5556,1731.0420306261071,1446.1994375110385,1626.9683012052399,1409.1007697634795,2384.119740560835
5557,1945.7179558691919,1872.3929597590359,2145.916422806157,1586.9668079423254,3327.531584992454
5558,1551.1035522958068,1351.971709511359,1822.1509766630707,1407.7453684632446,2467.4008270828317
5559,1945.9614206955607,1901.7405435637438,2352.835400143246,2313.247609230465,3246.165299247626
5560,1575.5464601631545,1316.5469856431007,1680.0766932438958,1447.0690461969214,954.5853308067234
5561,1624.5018123827908,1348.725469593582,1642.7467257097064,1558.056315838798,2008.258186173746
5562,2033.34665063074,1701.0258663080756,2099.9950759683065,1467.3918846742904,2879.268833996545
5563,2073.6830171328256,1912.2650387930082,1846.5130935134048,2044.1340284242294,2544.468586460911
5564,2093.4969846252247,1864.7986691336912,2005.814158109706,2566.189829489317,3150.8316554265793
5565,2659.603625156501,2053.8858551827248,1756.0127464346303,2860.770569864642,4082.8756054358764
5566,1942.3382504136816,1392.2012414058759,1945.0096186965645,1826.0791614599912,2282.849763902835
5567,1570.0125482347908,1411.713217861481,1948.1231043911341,1593.8565735834259,2386.612510844285
5568,1553.6860788324495,1391.5460667700565,1792.4779219770264,1417.8796477978842,2097.2971837804325
5569,1706.105355759093,1427.400421836532,1746.1101096730358,1113.8236508139998,1960.429694603241
5570,2034.2277344082086,1787.8868733476847,1930.458554847896,1777.2352223714138,2428.6959262070736
5571,2664.703930555265,2499.010788908232,2366.5047743551136,2711.4512214217875,4536.559606309209
5572,2153.6867085175545,1733.1179243215506,1984.8480526373705,2046.4839273663786,3998.372002983498
5573,1376.896750195701,1152.2057504173267,1617.8581251480277,1100.8557073457584,1537.5082688799216
5574,923.9881955024232,820.0879694903134,1583.6856991910934,1252.0160273123324,1932.6544581939368
5575,1348.1610963821602,1127.083016432043,1509.6146395723197,1385.3999052768122,1991.1676327811765
5576,1576.1821161522205,1468.9777371551857,1758.851599250322,1352.5828116884898,1901.5636398798858
5577,3951.403146129028,3836.1557096102288,3373.156014039772,5066.31450136592,6248.023748440835
5578,1888.781127084933,1803.320149188667,2285.452622245227,1761.7223124386842,3788.35150758912
5579,2527.671275687084,1960.0107762412226,2479.684837018194,2197.822244475248,4311.9534827236475
5580,1347.008630737677,1150.8527087015225,1740.4313733780948,1279.0215443495904,2123.312947709559
5581,1441.583916033035,1265.1239429897782,1753.5021875110165,1383.5212502418185,1572.0037662986244
5582,3843.9774547845204,3078.245980441885,2918.760566802984,3458.078874518581,6562.442744052828
5583,1505.9969866182107,1425.401290415095,1921.9684766598746,1593.8256720776285,2571.3757574365372
5584,2118.9296435178658,1483.6442021869345,1827.3865424879446,2216.9400040711976,3138.779933780698
5585,1412.5313503754348,1404.426177866057,1758.9621560253945,1417.2067224614425,1692.917296970727
5586,1000.0814579602203,943.0486743300587,1574.2158304352927,1295.350900324375,1736.5411498344665
5587,1558.6118436859686,1394.8217527875115,1708.501880544446,1465.595284373302,2109.8184535503156
5588,1976.5601378702813,1844.771799094845,2085.546959679662,2682.196969124569,3403.1700865996995
5589,2554.432654500421,2316.4986596701087,2508.6434933978826,2275.959957305924,3637.5003539714567
5590,2078.893299317412,1549.8635638612418,2024.3581885486026,2404.0027919606923,3359.3163437521334
5591,2589.9759746410973,2228.75524776593,2942.845700468173,2886.3985155897035,4968.869895098986
5592,1167.0252465468595,1161.8491938662535,1810.8635162508328,1365.6228812499976,2403.333436422643
5593,2309.218274498429,2359.5633998612743,2864.3600774818024,2504.8460459679045,4794.6059109514845
5594,2449.225542268244,2348.9919731862065,2322.1839244702073,2036.0979407475227,3441.2180219745487
5595,1441.7746938417624,1263.2326669433162,1827.5100247530413,2159.847225109225,3605.5444529900833
5596,2022.4857812675746,1704.2684306550175,1681.301866606484,1727.7365541191973,2320.750628159716
5597,2318.2180973033983,2092.1583070549264,1953.538614370776,2626.060897172037,4071.321159386468
5598,2008.6623276666694,1699.8692159295288,1812.7504073592968,1756.4260767714181,3254.57664880786
5599,2421.9465056191,1932.4360107634839,2165.7709765066365,2545.075519757852,3519.627439803815
5600,2299.943097469465,2120.848377652785,2432.514974655553,1937.6862920101514,3166.213781620073
5601,2297.118032228906,2206.3864258273748,2575.626701799172,1681.3735309995059,3853.510960404426
5602,2210.85882719183,1956.7517316953079,1684.2376145565793,1988.5657298901972,4019.8758504735033
5603,1227.2863157597114,1211.6300221061756,2046.1298619574911,1337.1491346033736,2166.3723591470125
5604,3925.6025409700055,3538.0449112290753,3406.7136536116705,3649.695409393004,6348.532354910096
5605,1851.192796355944,1879.0294154546625,2427.474444754391,1567.6152724088113,3861.9313645910797
5606,3489.428357267,3015.817761853288,2842.893131627301,3047.664160828229,6489.074895054558
5607,2590.009648720852,2445.617332780889,2512.2866129082418,2905.2326692970782,4216.832097825264
5608,1186.0447234593285,1172.6383918883216,2258.672496045767,1499.7192839383667,2465.8281240177425
5609,2316.3037881755745,1615.5713370879714,2167.8679054945637,2513.146921227829,4405.383188563265
5610,2942.9467779294537,1982.1150773119282,2165.5452361235266,3052.799597251377,3111.6722206811714
5611,2215.437377776949,2065.2090036031514,2144.902127111488,2442.9890592349825,3979.3242167431595
5612,1717.9994127778498,1198.1655355838052,1710.0856691377874,1500.1546020193148,2369.240588620095
5613,1741.4648205479791,1586.5935666926443,2098.8148308013087,1571.2962282174271,2873.97114776954
5614,2806.638532441728,1919.9042673782485,2007.8304975525027,2758.70377726304,3897.2623227739855
5615,2331.207792420252,2030.1325779856866,1771.4201955552662,2249.1168848697503,3590.90162719343
5616,1977.6622495471488,1624.5507060132431,1669.5748507782218,1729.3374856096982,2879.3430536108835
5617,2928.75384559685,2374.0330286332824,3188.818624877492,3543.444578661702,6379.8917412999335
5618,2265.677736272952,2337.379616598312,2603.323056953043,1683.8881658051748,4013.302931801136
5619,1810.1921558447089,1713.9340678831015,2019.0398738864308,1765.017285983142,2931.548772573329
5620,2579.501155046942,2264.850605964095,2167.9374742277028,2239.0118830616293,3803.3583569999946
5621,2739.9734717732345,2126.9996682690107,2453.354704415931,2603.272383056404,4180.03340740577
5622,2000.4365670035595,2034.6936290064925,2162.812779723277,2616.780773030232,4378.602246573746
5623,5220.951917950171,5255.177063679635,5899.907609195214,6080.8304834481005,8329.050599126977
5624,5338.944724110431,3687.6829710121588,2812.76485011011,4372.861811028467,7446.780044817999
5625,1993.9299522321555,1717.778193432334,1850.606451502692,2263.5625514615767,2735.0678998068333
5626,3037.6468115938014,1984.6265531769748,1909.2343673804385,3048.0027022705017,3655.510225601683
5627,1561.500938057228,1129.0889148181363,1243.0085517024006,1298.8439955726374,1299.269713611547
5628,1949.018748393396,1744.349833177752,2179.616917706197,2459.196303649879,2812.3505493565863
5629,2258.377606518071,1978.674554236573,3085.6611023107594,2265.735499532568,5259.928302044853
5630,2097.4035610376745,1807.178676710256,2500.965387942052,2048.3496673103828,3687.7363261421015
5631,1851.9091990092927,1821.5329835959435,2365.564670879582,2910.6590342138543,4570.324542484497
5632,1687.1022313515216,1413.6733605914358,1736.0390264879666,1383.6993889300666,1394.2825305908214
5633,1943.4937882352908,1663.1477082814945,1835.206252445816,1896.1659474862624,1923.2627978759442
5634,2263.536693718678,1998.2297852329816,2169.570006746434,1884.9541570737165,3532.799967232066
5635,1231.043350441679,1145.9600444532393,1799.4343683596614,1447.7335625857459,1884.1510636693274
5636,2553.674862157544,1793.74467485362,1583.2071713361324,2444.3895033348012,4461.012126996575
5637,3805.606289465947,3409.960100776123,2485.139441010289,3451.3353502930486,6623.428292551921
5638,1989.4047877897322,1662.8453775473758,1675.4936055891199,1906.38458727055,2618.6404918720477
5639,1983.056348532208,1389.4234089126724,2258.279822884374,1600.0361629869385,2634.730323786461
5640,1693.0401979228686,1959.8164469092749,1922.7556303365561,2099.0768620848457,3128.1900070982874
5641,2321.457322453345,1820.6796876130961,2563.4675316140724,2170.003715559245,4049.246987796615
5642,1432.8563415244982,1222.101338801317,1735.9441535380395,1228.2474615699925,2092.792859506768
5643,2692.922658265404,1814.341522192417,1984.993231611404,2188.9790319572007,2971.802316543711
5644,1369.4331654942862,1148.6013829937713,1548.4786699112274,1094.481193589449,1379.7471361899266
5645,2199.589829667578,1941.777166748204,2046.5784664339287,2612.859666660561,2689.187937620759
5646,1925.553783458025,1664.8893395266361,1812.6544275546896,1979.367396926794,2945.9534788126575
5647,2675.2433313932124,2266.677497717678,3399.225031720628,2573.251271717932,5488.446482256623
5648,1543.9178100553588,1335.234852912507,1709.6955871390012,1830.530596685416,1930.2917273909193
5649,4074.7091247832814,3671.315502617364,3417.326837398029,5046.667479638527,7545.219627513475
5650,2791.645257772867,2776.3977326884637,2880.555072928057,2188.0581577029143,6786.364762643713
5651,1885.748924162733,1248.819425820731,1724.1239613561029,1882.8250180166856,3038.22175995166
5652,2745.513986000785,2496.7407927201525,2720.811851593201,2588.246727603552,4940.108974040194
5653,2934.806807242484,2028.7648480867663,2304.8108676635707,2543.194106845557,4077.645196478559
5654,2291.5354847319045,2095.002119638541,2263.3271288570445,2003.664068661596,3734.682224628025
5655,3645.2766216482855,4108.766947328017,4864.095011686672,1945.1918411367599,6132.091806759692
5656,2499.8635166765594,1694.252043819817,1872.3331344563305,2327.7402726911428,3549.4550117360036
5657,2006.0915901236096,1791.5908315318409,1943.9724403120374,2081.1352785488007,2041.6649842664924
5658,2633.620838581912,1737.7383543175458,1965.0689202483288,2650.9841393504903,4044.373425319387
5659,1904.8285098878296,1703.8192294827716,1857.4014926409234,1373.0678605412127,2130.1000195343904
5660,1534.8378165372312,1389.2083598545498,2019.0591184470795,2148.04993232673,2491.5148899772553
5661,2390.124875975445,2040.857977008216,2055.885639642955,2655.931278419491,3847.4438888413597
5662,2093.79743740034,1767.4788282564734,1871.8912012911762,2169.8619727338587,2661.291347098925
5663,4977.7526431806455,4689.929298262496,4212.952448003921,5851.675218214052,8392.876572871495
5664,2072.703317963446,1867.7337919420768,1888.2396303069488,1889.0384039703606,2986.1598684641267
5665,3118.368289662466,2104.209924965692,2026.0425201640771,3097.054190852887,3441.09705546443
5666,2393.4664820817898,1632.8812139169854,2373.133174734946,2543.671591480444,3858.284432194793
5667,1974.8346115287368,1724.0191191049555,1977.1089319284167,1928.4489904554384,3853.273517428321
5668,1763.0711978422744,1568.110814282552,2158.893286634039,2154.9152744460653,1716.4546221645398
5669,2361.591171458772,2024.791643725324,1907.8390521787533,2901.6722298944014,4099.941968880901
5670,932.7387760735099,797.7309804044827,1449.6275536178186,1286.6480774896336,2374.9814442827287
5671,3017.016263529495,2401.9395484213464,2850.062583337105,3024.4792439360663,4218.219287016674
5672,1814.1410678010034,1574.881784165717,1846.3194070105906,2098.273884146041,2549.240422993115
5673,2282.730930708577,2008.5623662006894,2021.9138147503327,1897.0469011723035,2965.77759452505
5674,2482.1015388617425,2155.09580362837,2265.564326925299,2869.708746400093,2834.419847289936
5675,1701.2032778120165,1213.9416185906505,1873.9817454438282,1663.5943891838494,2431.98544574035
5676,1934.214882137429,1237.0847043322678,1689.75650337005,1896.7440422944053,2750.6123957821833
5677,1347.8279324772545,1198.7275878237485,1584.7713201784418,1194.520103752746,1898.4974282607832
5678,1826.3841678949786,1257.9862497028655,2090.4551214088515,1838.3144957341572,2930.614224270864
5679,2095.237547966633,1787.0196706172376,1927.9160796766707,2402.304179617927,2555.9890293337517
5680,1363.424473911539,1182.6141861479755,1658.8990982814435,1739.0879853423955,2799.8568957487682
5681,2136.9974001555815,1913.7028958103283,2062.869029748801,2127.330099810556,2511.8268811756584
5682,1377.3505159277809,1134.1165425747665,1835.6913181569155,2368.99995842563,2867.070604976366
5683,1847.2564154175393,1234.4300780593387,2010.685793150394,1747.4391039158909,3121.2606723600484
5684,2637.4292289195537,2448.0072936955153,2514.8461819264544,2970.831027322973,3449.528441807664
5685,2708.1293191183977,3140.3162104396447,2253.9325829856425,3080.2750039034718,4736.7720206845715
5686,1639.5481325417145,1624.2798371391825,2439.4285018324217,1293.724680830785,1609.4408395191035
5687,1631.5467906665353,1191.6075426062594,1971.3818333742968,1676.4421612927179,2059.721788787088
5688,1761.5165031289646,1390.3886628205235,2356.228173515673,1487.9218779935666,2237.595721081898
5689,1965.3363293939765,1778.3748295417365,2262.997775461829,1563.2073240607356,2701.3885363309214
5690,1532.8363922912085,1412.490018600496,1701.45600102625,1512.1365425649685,2174.045783859635
5691,2542.011459186685,1785.331479000282,2145.056218967636,2543.2305342259674,3933.218955628957
5692,1586.64481712086,1529.689303795379,2367.603596819085,1517.6972141063095,3379.631817922373
5693,2536.58114229022,2036.3469711142584,2188.6545902836788,2954.8646346590936,3710.5047424070885
5694,1338.3822483715485,836.4670062365068,1752.9177696335412,1520.1401774035157,2075.8417336579105
5695,1613.4775094764664,1496.2081774175933,1855.041003933569,1477.9937424770694,2016.5333642626344
5696,2157.1349096622707,1957.3731496840799,2080.138448139891,2725.56162311609,4113.947353225356
5697,1469.0600552034437,1293.1622035433306,1917.0323996583634,1242.2798414930485,3266.2935755166754
5698,1033.4988710006703,962.9069777275477,1890.9918173286032,1426.1706776429403,2097.937893109133
5699,2191.529847489059,1938.5063756479306,1952.2175980657446,2315.028841946233,3103.2503901148893
5700,1629.4075150146161,1113.5608533485263,1860.470113679239,1453.8941551314126,2062.4323712633677
5701,2277.533116831768,2375.1669468091463,2642.404782801097,2188.8691635078962,4243.951003919868
5702,2115.7782167206215,1733.6192845269418,2259.3780603856553,1330.2287119678372,2318.1410947206523
5703,3597.721447277767,3019.3011212164624,2694.144447870637,4056.7642081721947,5354.9215608652885
5704,1172.9596392904004,1137.4861014440546,1714.6399527484145,1383.2348235881884,1993.3002104518823
5705,2661.1405171866604,2748.0908990511225,1874.1136858579223,2763.522105146756,3951.7200539912574
5706,2554.959856503071,2380.21518928695,2758.4993548250623,2791.908638013841,4142.85610844961
5707,1778.190071661121,1302.338204471956,1826.340434538571,1599.2492407599707,2314.841481460289
5708,2180.5116476198973,1908.615197069036,1972.925472195605,2355.355968785135,2509.0226712489302
5709,1454.2336545027856,1279.9254380540194,1721.639181060629,1444.4193524536918,2189.068703430155
5710,2972.602822428302,2532.5308059719423,2512.5818140544948,2944.7256896910326,4177.842053730551
5711,1136.491572885399,919.0672309404747,1445.5196814493884,1382.646165337718,2807.5971345283865
5712,1131.0789706491444,1069.9154151287526,1747.5725876344607,1480.74819669311,2322.28955604826
5713,1720.1779335905471,1398.2462317152483,1637.7663466049698,1420.8756818299394,1897.6141771663288
5714,2108.528106421819,2132.882129094715,2153.8928579503304,2222.0856097901824,3552.4182091389393
5715,2532.8832563451706,1741.0995437341091,2137.4414136898595,3051.409118857756,5181.936097262819
5716,1549.864025351868,1127.6122296198214,1710.446728663165,1966.6732663070188,1869.794811946489
5717,2082.224758371719,1891.7930106677293,2322.0865511853367,1496.2572144272626,2996.1175244305523
5718,1658.1487741965836,1444.4617244076333,1536.1957346114432,1444.6177985630386,2547.1095036939782
5719,1996.3138708742208,1649.853980762742,2496.7135146814435,1921.5014480269394,3757.7882750541316
5720,2459.1650182199287,2351.3920714970204,2425.3962006469897,2522.731934447016,3570.2944209843677
5721,1048.8805675835363,960.4662939948777,1578.9854411775295,1197.8359531395713,2144.4034301266443
5722,1685.2685948808567,2002.178605259744,2036.4695062449048,1678.035576577788,2967.574842834596
5723,3297.522567821729,3365.434286330972,3171.239852455628,3333.4702721973263,6537.302163189554
5724,1618.9879824732873,1160.1575952361927,1741.068014553696,2040.0468050192892,2842.9028680803726
5725,1187.8053251807728,1107.7287964386903,1797.114080081258,1410.3264960002334,2022.9770720390175
5726,1355.45105031658,1193.314451593007,1645.358999810655,1660.9464226463401,3145.6476124895908
5727,1887.2290156477038,1607.9872505836322,1892.087969605649,1582.0834384844406,1837.3111934667381
5728,2046.4655185150293,1588.3872582933316,1821.327489118687,1502.5953156313697,2304.8909202970945
5729,2181.2304822603282,1696.9315243682986,2478.511059561263,2109.230383689513,3590.701389220787
5730,1409.4002359530348,1240.1341988883478,1729.5557455749204,1379.1766393833793,2220.1347434293034
5731,2217.836390956321,1646.133202267776,1745.5433556456835,2368.395697706176,3325.475478585364
5732,1459.9716148471427,1212.0637169999807,1563.813019003656,1434.0752688223727,1638.492346100652
5733,2601.9827688576365,2265.0588535026964,2190.1591915904473,3054.807538358437,4963.289062701112
5734,2960.421099322581,2596.798258412637,3817.048287069256,3604.533700002267,5196.108822963572
5735,1428.5117771320236,1155.260261077797,1596.777345993232,1582.3736466262146,2955.8160779391883
5736,2081.996724908053,2161.826017872214,2964.300604381368,1936.722404045455,3278.6647627702496
5737,3019.2412104018963,2705.7609492764514,3809.755702988415,3111.4283698822333,6061.585155803744
5738,2869.330507632891,2372.304490043478,2697.260006439657,3231.880379340944,4995.660177756119
5739,1676.5978589443278,1364.3227906131567,1693.2016634172492,2208.6138196062752,2774.013459799406
5740,3418.4013162886768,2964.8645735290474,2381.9470407742665,3253.2622668051868,5259.921266045477
5741,1371.1899260532832,1209.735165961244,1621.4055197689922,1371.5746640949433,2212.99295439943
5742,2076.005687172001,1991.5383295149431,1780.0822118530184,2407.759440714338,3449.2064509090455
5743,2043.2097272522528,1800.583713145052,1928.032170431304,1710.2705720111703,2113.0149748901886
5744,2211.162364684436,2293.8593375887767,2151.6702465664953,1688.593365470487,2791.6606833967
5745,3324.069627641905,2468.433114811248,2751.51784633386,3248.6789728004765,5527.557914323823
5746,1541.9596827999444,1286.506798852822,1574.6396527047416,1328.6544270978013,1921.1791912317444
5747,1437.2074891522652,1237.8797105927458,1664.1706538939734,1396.241439306834,2072.5597309905916
5748,1717.6700560514587,1596.7953703041974,1882.0056458493293,2133.9487415424223,2744.7606538141126
5749,2228.4173715996108,2021.8483756574728,2098.402842393254,2109.0146922767112,3548.278092954985
5750,2523.2391351038227,1882.049466535156,2406.6756952567584,2314.415070952199,4837.869339042003
5751,2422.751599372222,1751.7841371132267,2015.2527692735682,1788.0786132208202,1994.2978655285237
5752,3390.6885433246807,3824.283735191464,2662.458546511835,3047.2302398512957,6568.734353390425
5753,2141.3512130954928,1829.0463166341046,1896.4918252030936,2112.0659523448558,2427.9351578609976
5754,2374.0861673444715,2141.5988020994014,2297.6329495302043,2052.293878275401,3383.1014334353376
5755,3545.451178748861,2231.197981177943,2337.0086104368397,3190.497673112448,5122.850541437715
5756,1665.419117021272,1151.072216362709,2106.0511476654874,2017.7171578210507,3392.7765331059927
5757,1524.3782966382605,1433.5388711161395,1959.7225898171341,1322.68163478982,1785.3131132708586
5758,1900.6991251502136,1838.5387834241008,2174.382390610245,2324.2958367451506,3845.2588898315776
5759,1520.3143592690747,1366.1837855782244,1894.8692170570318,1403.02126133143,2227.198412962288
5760,2151.5189981705344,1979.6294470204984,2306.923059312787,1584.9971991697173,3354.6634074551366
5761,2262.699236672038,2384.537318723537,2068.603811987924,2212.536291440333,3021.564816120494
5762,1585.8089669058654,1464.467181033041,1972.054886518859,1853.216350010677,2894.6658809821743
5763,2020.8262459741863,1718.2375488677842,1893.6762814029441,1937.8894196581912,2590.449434885722
5764,2451.460174913226,2233.898096143524,2546.4602399580813,2128.77919851072,4180.006025464165
5765,2318.376071851177,1694.8326909819784,1989.9407095754784,1594.3611342303802,2980.6593249166453
5766,5141.8026474164835,3900.100105436252,3291.4716773864325,6633.786883349014,8038.213435241974
5767,1075.7015784234586,982.4884939711533,1727.5732719929485,1243.2722300602604,2159.2180956589573
5768,1394.0906918217333,1235.446594729474,1740.592141996072,1869.9631461753013,2668.926353263504
5769,1731.526813445721,1433.917025858736,1712.0514327695107,1429.9295173513842,1944.9444264038007
5770,1991.5689800142584,1325.4213363882538,1928.2546412275005,1590.6976689160879,3235.7117039604454
5771,1529.8986218731989,1411.1396170795078,1783.0056884083506,1453.8720296392014,2095.9218824445024
5772,1999.2473674692678,1851.6783114426364,1764.7961210805206,2109.6650017046504,2412.6008702416775
5773,2167.998395904569,2217.0740993361287,1905.103105460508,1959.2536493912728,2876.5062484481086
5774,1524.4253947735974,1279.6245470446895,1718.0110719018796,1379.1140014364594,1928.5144413788935
5775,1602.7735000217428,1374.149472012849,1839.538103241536,1383.9009736937094,2034.026982259527
5776,2187.20887887385,1908.9735038095816,1982.3754785288681,1744.8022291400882,3290.860194317964
5777,2099.8091362664945,1947.8383999569464,2400.9270411274874,1815.103423576934,2813.1343685098236
5778,2617.573261167138,2359.39163952536,2091.2226695567083,2391.2831084638337,3495.8546134844933
5779,1423.8597921974274,1375.4268062424796,1720.9496806745394,1639.8898248671412,2805.322325397743
5780,1826.9911252488464,1573.2081967378988,1723.6371337278733,2063.8579690982933,2723.2191840027826
5781,2404.778810594689,1781.8271284460434,1894.766910151744,2650.462072744605,3028.836966832868
5782,1695.4058329527334,1595.0139713474152,2025.8788801026087,1377.0877445791427,2580.6092130701413
5783,1325.7612176388416,1206.477328329218,1837.4405149836248,1306.9193721745744,2013.42501438226
5784,2360.027640551841,1815.9905717866773,1762.6197320254432,2292.798083925104,3524.2950382557224
5785,2263.5948799688385,3279.8415156485803,2026.287413352492,2027.8897144202872,4051.1929315277775
5786,2162.6724034426934,1885.123449590029,1904.6028639783278,2055.3286998413164,2889.1537855272236
5787,1785.7794411944315,1740.4559758385392,2398.2388516203923,2386.311268631685,2352.760517006062
5788,1593.7601288734702,1497.397963222623,1940.8640541351035,1499.6076418901935,2149.097014555933
5789,3152.4161316583427,2489.378697180425,2687.445173196593,3196.5332349651776,4814.613155764515
5790,2338.379057580755,2327.7609847432973,2283.694869370899,2400.191142378533,3619.824000916053
5791,12417.122071747224,15374.076674125625,14924.436104660239,4875.713278602126,13799.25377095204
5792,2133.5749485783435,1910.53096724623,1921.679203180538,1671.112848744118,2543.579903000998
5793,2207.4352474495668,1939.446922575251,1998.3392563779653,2254.254066339189,3534.3153155932782
5794,2422.869441665141,1539.2823083274716,1705.846469573536,2526.3897538363112,2839.3665676671235
5795,1815.1209338515241,1749.0128280059082,2142.841976058113,1837.228145607433,3333.481406681202
5796,2681.487618177608,2522.770855886943,2361.103175172599,2564.636742292012,3722.0130370468323
5797,3374.7965260610968,2834.0390846361265,3139.315020202816,3590.342731899152,5177.315210321331
5798,2181.000295163797,2264.3770909094264,1928.9665396175574,2687.5642728575517,3693.6482261076394
5799,2979.597474823928,2146.9212482645853,2189.3876307089317,2778.3725847108403,4831.232932222187
5800,2881.433664107185,2344.5152070133718,3551.1811743940148,3203.126228011702,4541.981329239531
5801,1936.4455893647141,1252.0482709691064,1611.1844919282175,2087.2487344521555,3037.1340819804886
5802,2166.275184391334,1765.945506395552,2057.353770287836,1388.9176555805109,2003.334857569724
5803,2055.4942689062946,1784.173083056081,1866.3918084040347,2010.0057827876992,2908.273720614375
5804,2300.767764367335,2091.4902969656346,2103.9051351528387,2048.440330289228,2812.28709606835
5805,1726.9206568424286,1383.238670822804,1636.2259210377179,1978.8513577457325,2867.0500493150817
5806,2110.2699104134904,1549.9056571626172,1728.238337257052,2411.854741030073,3687.3301567136114
5807,2169.6510476245307,1949.6052621139688,2237.462094391636,1870.5252217661805,3023.0639441447024
5808,1519.5661897576526,1301.5795976569373,1482.640132569069,1238.2614980501814,2376.899587154414
5809,4045.116346074456,3915.739693580386,3574.269935380122,4620.283786147351,7466.569241315441
5810,8167.77204571648,8619.238166428995,5081.291591177218,7680.761027439165,9363.390519974599
5811,2291.744834596797,2191.0184002006367,1538.0051699343067,2171.2527177408842,3979.4006167811463
5812,2571.352390449699,2391.794509697042,2439.700482712804,2754.624849496138,4415.052620997072
5813,1601.4990616450275,1397.1455024870695,1837.561504550083,2548.500241077243,2858.3727242238638
5814,1903.8850615540205,1625.1018219095786,2066.396063569176,1985.0242808185446,3147.576097967201
5815,1576.5126812571805,1388.3347792425766,1529.3402756070752,1216.3393933450309,2278.585968324831
5816,2777.127989077755,2045.073129035793,2673.3745145717176,2421.3976440631313,4862.795282266726
5817,1671.257369853404,1374.7931939326072,1626.7674583287126,1315.1816606911113,1694.1739874969503
5818,2384.8579730967317,1930.4041013326905,2013.9304324339041,2467.6690134400133,2956.652030653499
5819,3517.174657039847,3078.256599665033,2862.3064160122412,2993.936637366516,5102.875209676962
5820,1933.4001346148318,1588.6824118270583,2114.730931760707,2490.054190856677,4575.453926911946
5821,1865.3210247933653,1385.0910033412745,1643.1676115259354,1212.2474882641955,2157.361394375336
5822,1915.3768027747915,1868.623850463441,2246.8444153418263,2258.1492740789513,3327.9344612323307
5823,10705.722792325041,14944.200480302417,16179.616058451536,5940.029587948477,20033.495588979382
5824,1622.1400454152144,1077.1037009097029,1727.8843033919793,1427.437529344605,2307.5412085632274
5825,1447.782863161874,1287.6998269757821,1843.7941770480088,1338.2599238616913,2050.4495467230927
5826,3157.029269311952,2480.447621452356,2739.047345755302,2963.5045576611287,4811.848566884323
5827,1999.5881711002494,1725.0753999752658,2059.4747777434745,2615.4287146131346,3201.2290630915395
5828,2191.576234112785,1704.4998143261193,1798.7935316493954,2056.3231050696745,2477.4709126529283
5829,3721.521186817618,3043.884347103104,2603.8324736737645,4641.884601164257,6154.729830101919
5830,1498.5532496669962,1558.3376181687884,1731.7221884839898,1316.2140811918914,1853.6439354977647
5831,1908.184464016952,1764.9521111740164,2295.1357793283605,1703.982523444191,3367.5440101582444
5832,1511.3082530224042,1331.499674190599,1563.5469556431005,2220.525815495594,1622.596274229978
5833,1758.2521039737628,1461.416317830208,1603.478139000376,1192.130251765371,1725.0450635744414
5834,2128.5496215529315,1799.1045563008481,2417.7360364174124,1969.144720727205,2913.43865951582
5835,1978.7715718383483,1699.51200854051,1922.7683716449405,1651.2640395425938,2666.8692061601305
5836,1543.4197389662113,1483.7790631436676,2474.2767515532955,1625.4102497221024,3021.5720408887855
5837,2193.6335591394068,2264.370874859852,1901.7794319477948,2115.8333355126897,2815.7411547231955
5838,1477.7496624520059,1289.329264322291,1529.8219742353326,1248.7789819548218,2114.925262563385
5839,1950.2340144462207,1385.2373297262366,1614.0088609569489,1263.371969136423,1868.335732396922
5840,1662.404528950741,1377.3716365386188,1582.2111803067996,1521.5537012182106,2692.542402878044
5841,1358.3983558281122,1172.8718408890065,1652.9741650834244,1318.8152112166854,2381.9432932880986
5842,1695.3056533673864,1610.1988868790893,2093.109095637953,1911.5365023604854,3471.142440472521
5843,2656.1905103547197,2431.0620543452787,2135.4264057430414,2482.7310623145613,3428.9339016806484
5844,2498.782124935873,2325.3821202991776,2412.156048198177,3290.988581448277,3340.1710213194533
5845,2002.1622769886746,1786.646187047637,2010.586789116532,2701.38562351591,3406.845365961431
5846,1889.818115329091,1293.6243085865467,1612.7962023343753,1509.2816402234062,2435.828241270607
5847,1826.7703863707247,1721.36126440814,1988.1815095491186,2364.223512572636,2479.476057403676
5848,1511.1217678654655,1375.9946130134383,1622.7869740482706,1563.8702213993554,2741.345414059434
5849,1616.1217560928574,1440.6202397514887,1657.4167664238064,1411.9645634500516,2047.8599578994956
5850,2070.921721788726,2337.674554338428,2189.6865801342833,2211.2136801881165,4012.563506281247
5851,2329.9508977273817,2198.3140350804542,2400.4723604356186,2083.780571259764,3218.123113583395
5852,2867.4444266734026,2244.064149188141,2230.4347728551766,2713.8151811333205,3902.1856839440384
5853,3599.848943905278,2873.889389547364,3138.320713106872,3870.124349624684,6570.897828311228
5854,1345.2442695203113,1128.015725533839,1710.5117853774923,2054.1498922048017,2026.3030252324525
5855,1208.9244267152815,1086.6612125850909,1692.5017011555883,986.599093894596,981.2388162514738
5856,1379.0453989550153,1209.9587520097627,1620.040232542104,1495.995342039752,2262.640065075392
5857,2319.396050581847,2043.7835364247821,2083.4595775752464,1747.6717135091828,2853.344180751561
5858,2265.9789746304536,2335.39140026957,3021.1284814408928,2309.380979812283,6017.3891932213555
5859,1428.5621621938901,1170.4881852127305,1505.6816036721011,2020.956550407842,2981.609684912569
5860,1440.8161464567859,1266.7836395508152,1904.5945400086762,1214.4734015570061,2775.7573414718377
5861,1401.4725083602316,1210.505343498375,1649.243347734053,1281.548960200067,1564.6123282003693
5862,2668.329746339401,2058.8609621793603,2946.5723797877795,2210.076739781578,4128.600508409604
5863,1738.320345866546,1461.549704831497,1831.3251966086402,1369.2987526555507,2108.6967551300886
5864,1812.1091874291958,1350.6124402464031,1532.701695683984,1456.6348015409947,2461.2856336056043
5865,1021.0711042083522,865.7133472080681,1463.6264191817938,883.1960321959251,991.4093740031046
5866,1787.7439052054685,1670.0135798709002,2111.6748769879027,2463.403512266142,3387.5801730317216
5867,3070.827854201772,2076.198394138657,2323.7246515797838,2631.711778075157,4596.628460556106
5868,1609.3963643184647,1419.7048385975704,1760.4835276828546,1226.041908977238,2408.2184468008304
5869,2210.877113719356,1997.6974740884893,2263.9753721231123,1764.1379672122555,3001.5915037156906
5870,1969.9537419736448,1356.4962097677453,2238.5526421952004,2064.676834874996,2933.479870503893
5871,4932.809830850072,4776.115534574021,3993.284179748944,6169.9751533859835,8144.437928303141
5872,1480.263779036238,1317.4115284790844,1796.8331072696565,1338.1004955901722,2332.8784937367063
5873,1091.0570050376564,986.331701509247,1625.9985057167569,1148.447226834111,1828.685203868089
5874,2410.0634078061207,2175.651140683663,2194.254488598557,2692.064559009115,3196.4361879006447
5875,2084.445057402915,1701.474196599385,1726.668816440553,2066.1857216759868,2316.0090166447635
5876,1866.270460220873,1641.7874957501965,1919.8068519779647,1773.4524350822837,2024.036605892768
5877,1946.8098713445333,1647.2181372618873,2369.7051774984743,1949.3007485974842,4030.1640529709166
5878,3978.594930285205,2981.986583255988,2690.434227393054,3551.9870230942934,5184.797746442136
5879,2028.5057878111027,1669.1190265106256,1764.3450467894888,2104.068221386728,2500.1724120844838
5880,2534.866751621368,2443.157688081957,2928.047076704619,2911.851487465942,3796.2280327780404
5881,1874.8011469006608,1829.216760762274,2274.2912375897204,1812.4736971898847,3623.8881659578506
5882,2215.2126882274847,1853.1109801747602,1923.7464602433765,1745.3481161094642,2904.08088029668
5883,1303.8147633795509,1381.2322215825034,2488.41082696365,1461.3214123176824,2432.392437085135
5884,1445.7822063500846,952.4232721785099,1811.914454018648,1330.2755491197215,1719.310564916017
5885,1594.2498727017435,1439.2633399629474,1760.541730733835,1639.6576804405606,2293.352712918049
5886,1819.892668672224,1409.2113576212262,1571.1607776536996,1721.6337819210873,1455.3635365225443
5887,2386.416812126265,2224.4242784770736,2309.869934732002,2970.412214204891,3695.435621850069
5888,3210.9853681637187,2848.4822978131106,2782.121738888159,3392.7760549154436,5266.60296964916
5889,2826.2394840025568,2834.7284975053303,3351.6196886869593,2582.6821685581267,5641.457564755938
5890,1875.4464249338607,1713.7216462749843,1636.1603360602235,2425.351581243627,4041.018973013196
5891,2592.2569448818163,2184.1653626414522,2158.9607726881823,2400.141489610068,3533.558841502984
5892,2236.7237780038035,1801.5548474810632,2854.531249697513,2714.853866122633,3460.7788684225766
5893,2007.1502680444225,1535.0834337354286,2217.320304784624,1798.4904559721485,3620.3770348277008
5894,2571.407691178585,2300.8756077762946,1805.0624073054087,2294.009183567762,3860.2048472779743
5895,1473.7915066096843,1332.302844143534,1758.799961054174,1713.578255508912,2618.787761493354
5896,1362.2352538630535,1220.7197479632102,1896.9274584665357,1335.6024281827106,2168.2903307082706
5897,1913.5806837412686,1701.6138382901725,2190.673419802576,1392.7173703698084,2696.9703258997665
5898,2286.840165120327,1765.09660593148,2927.9491182961897,2659.9724190228853,3930.7751104898607
5899,2569.708006733985,2456.516107413423,2699.618829033273,2717.2867433023744,3625.818082604894
5900,1660.5492212053498,1675.7567184998527,1906.638295519046,1571.2930156142193,2651.1259608603896
5901,3222.92171256027,2496.308500679251,2596.2491518411625,2805.77894552199,4262.117090687082
5902,2299.968114949466,2284.170008857643,2091.531976962262,2250.037261507639,2768.5309224686353
5903,5286.070567052921,4049.169277387879,2944.840816683114,4946.629390483346,7455.893321613753
5904,1487.8429229696612,1060.46292887253,2292.797918296264,1831.7241795925686,2615.1741164059526
5905,1395.7986482722222,1162.8967611603048,1556.752398370401,1305.039263225246,2270.3188974996683
5906,1536.7105400926237,1331.019774920538,1602.4013418709924,1285.0983727631385,1846.7362159506743
5907,2805.9343429939095,2393.3158419208776,3492.0118285623994,2884.4994935992004,6765.203269467202
5908,2865.7357988722365,2918.5391545671528,2341.4100217314144,2803.254102366161,4743.514080468703
5909,2548.5020033108754,2285.7301189080044,2312.9772971015773,2756.836965284237,3405.9734976401287
5910,1945.040930476133,1358.2742601066807,2213.8705193947526,1944.756243497196,3270.704341454667
5911,1643.6867344849516,1548.9150220410315,2263.219285250892,2138.5326368329693,3777.93561859683
5912,1722.5673926958664,1580.4213450000125,1928.4168888169693,1672.3871866533002,2529.6569806924435
5913,1651.535193740471,1510.2032122085013,2041.2638539887064,1666.9590550075986,2987.179657917686
5914,2059.213909357812,1842.8254615986368,1823.0099781726485,2099.9148670667773,2416.970675831414
5915,1709.113544541361,1622.596428749243,2311.2522025066282,1536.5184303241845,2798.914041038421
5916,1734.6929346737845,1674.4581109840112,2153.3931738664346,1999.9050199562687,2208.028462394156
5917,2489.184613261968,2283.4041829348253,2470.843655060735,1549.3767816953628,3676.07927680829
5918,1904.986510170139,2015.4741892381528,2523.6631497994267,1583.6927424570583,2538.321195485846
5919,1739.9465147198441,1488.3344225066985,1675.0399878219089,1928.601533427092,2319.4051502789143
5920,1818.9810624119864,1648.1582094575435,1993.7521209615493,2340.08761968618,3178.7030553062173
5921,2490.5992874271155,2065.1277184659684,2210.194262729316,2695.235240671206,3819.9338298666726
5922,2394.452356952405,1543.7714192301974,1794.7237035753208,2294.7628630442787,4351.62612006394
5923,1296.9048370496714,1191.1377358689813,1966.227039565604,1104.3914001473318,927.822458948431
5924,3935.359031499135,2991.2593048934477,3123.305899894472,3526.688444706945,5719.800620790923
5925,3161.5041056997443,2612.276932518942,2420.249502375692,2823.4301413884414,5094.48345493377
5926,2162.4503743513656,1910.0071392665304,1895.438242783428,1582.927164929789,2845.6681701606235
5927,1340.1825000494746,1212.6621949148198,1734.7439547681686,1331.0590788151144,2315.3117195985915
5928,2775.059225115198,2518.738582774679,2095.9927906196035,2754.430195045201,4126.432430803084
5929,2065.741646240843,1494.2328932167597,1901.2543956825061,2112.167449897071,3436.605065960574
5930,3008.304506926042,2253.607599541992,2951.3239675760638,2510.6202131104915,4697.055021964207
5931,2866.761096222073,1919.9744004001325,1974.4703800026632,2205.1098428234422,3121.254488662766
5932,1696.7093249306877,1469.0949312852415,2116.394780360421,1492.7389086774174,2972.3315667348543
5933,1783.6881248342254,1484.5706863522455,1658.9559505460174,1667.0432765307394,2914.8921871967377
5934,1660.1673873530594,1130.0269871467121,1670.2907941756866,1953.7160433510946,2743.5880156900853
5935,2124.734035187283,1832.4660188809787,2741.908515213162,2466.945633625756,2773.644946921687
5936,2887.4256592494407,3350.047797237588,2047.8179708000048,3305.4596475474327,4465.41603000963
5937,1604.7814163731339,1519.61813414512,1896.303780368271,1498.1045503450016,2381.592826891498
5938,3962.360541933475,3592.7090145315115,3002.1313380845313,5082.861119827665,6699.157602710771
5939,1999.0267543578946,1818.3921948316558,2160.559882473684,1711.3453425048824,2271.450900165488
5940,2107.3387432783493,2045.8870215098864,2358.896696810329,1911.3385253454096,2674.527293561454
5941,2852.1108930416167,2229.880264600311,2213.572768841263,2640.1114506642525,3595.466388393429
5942,2330.530916769019,2041.5107778246527,1921.9404566997089,1881.3064660483087,2585.066625965371
5943,2371.166104244791,2500.5091702821765,2079.2140762179724,2441.908621180453,3982.415494300164
5944,2373.138489523888,1946.4086789981866,1905.0463858899966,2285.190827118923,3805.4416778142513
5945,1773.4429310753198,1585.9034731361892,1802.9453998463964,1808.753692889682,3173.935038198809
5946,2686.4232441917475,1867.9365919883114,2363.0047159676988,2443.868405531146,3776.0646501930864
5947,3691.119549015959,3189.991549006915,3037.922030476617,3702.1002462299157,5381.691749877252
5948,2142.87611218004,1903.0547392937408,1983.6980222813581,2864.1763595076527,2650.8105844320926
5949,3433.2294441074573,2905.477156473453,3261.315679323193,3930.816439115307,6452.398932855226
5950,1639.985587107751,1490.5064219111948,1958.6639142124732,1532.3530976316229,2042.054985772706
5951,2102.1847331827394,1618.4002309463565,2428.845444173008,1986.898610412346,3543.6448414579477
5952,1275.7631966242875,1068.1184384043806,1506.7541457286286,1588.7201359113517,2620.147371173937
5953,1363.345226965122,1078.4192655535624,1503.8496625966507,1215.6550162610067,2041.8753193731982
5954,3379.5728323470726,2674.153541723741,2962.650958501953,3403.5977030040403,4977.8560485339085
5955,2142.957517501145,1931.8176309392484,1835.590566603696,2058.8546731636857,3362.871081533082
5956,2406.771272992785,1876.745851825325,1901.1585166629432,3155.714807192763,3548.6104713450673
5957,1812.7273288210888,1701.1815431691186,2346.866009343984,1703.6291373008467,4042.506593298571
5958,1895.6489675358512,1613.849816155422,1742.8382031154458,2073.2695422519137,2692.7873284323364
5959,1635.8830706241786,1452.9882493926048,1872.9326245610864,4031.8124834841637,5943.376240997799
5960,2652.3387400862093,2303.952008649978,2632.7004169972142,2040.408016156121,4169.722527565656
5961,1958.021489184867,1700.574484850397,1969.673659429545,1659.5930368300617,2613.3637713078638
5962,1334.561219124687,1175.3121871944404,1670.2374782176928,1481.9349599036466,2159.0409299891676
5963,2255.6245684085,1833.5848764797665,1792.6690020220597,1917.797989622912,2745.818101275068
5964,1356.2001839910047,1206.5990500682115,1751.167604138979,1478.2962382780506,2473.110389821817
5965,1923.4455096322793,1526.1840189329425,2454.102174693513,1855.7354558451416,3373.1115035983676
5966,2447.7184753879346,2246.525002794126,1920.885980763926,2577.2841476686976,3432.03789472113
5967,1662.5537452724654,1119.4471240629396,1975.325378800808,1487.5292202297721,2709.792427623105
5968,1586.9046541635125,1308.7180810050509,1551.8834635589326,1381.3968390953455,1842.3315659983878
5969,2238.2762259692918,2072.9987005031326,1878.7687931025207,2487.049459199029,3119.4575752535843
5970,3540.5009936056654,3051.050549825406,2522.498156234612,3899.832843487392,5234.694664436133
5971,2936.486068291992,2424.24164739818,2708.69734917022,2813.338226500136,5150.5777465465535
5972,2381.5112715242835,2192.798353331971,2252.2173449548513,2978.893422682284,3237.9482395096566
5973,1643.4409454141849,1081.995719410423,1943.5509751190368,1442.7259344671786,2008.511976649214
5974,2866.428334522615,2650.499022048461,2419.8253271237413,2517.9421860199664,4242.51673960494
5975,2077.1307533301806,2065.890570826104,2737.566343430274,2438.251630344855,4704.893633271111
5976,1336.2032762759195,1211.264886429143,1972.2497473826845,1119.0512098640886,2034.0850029599922
5977,2837.8850165933477,2591.101184273286,2213.6355696466567,2273.774464136716,3104.5315554545396
5978,3083.327033875215,2217.1784283057773,2622.665959932196,3365.1059898039093,4094.3642016709573
5979,2297.419087870824,1829.1517223047601,1765.3183573404028,3161.4594132640614,3986.374013377893
5980,1637.854827749511,1608.6766085597865,1971.8649167716615,1599.7619847465764,2497.6897869858094
5981,2300.938189149439,2088.4039619760115,2390.847496813541,2477.155907437445,2508.551351424922
5982,2009.7629955053344,1991.4363018915965,2669.7386666496773,2055.647425666847,3817.0983293364993
5983,1382.680561122131,1301.015343282474,2051.935965613165,1179.6139984031854,1501.7433223965195
5984,2099.9857711672057,1900.6332316402911,2213.5485774232247,2403.1079443754884,3170.305918952423
5985,2167.36899728031,2024.82030923832,1801.3078284419696,2356.8606736778565,2782.1380476856507
5986,1115.4548481963097,993.3129416419887,1623.0100172752273,1368.529367270124,1661.5853697880334
5987,2243.676820449012,1949.420914420013,2047.664765271133,2889.554474042733,2970.3232100361715
5988,1595.937208326802,1272.1446568506308,1715.0288149242729,2002.2253524820114,3429.8193136285477
5989,1007.5368331729536,834.7604814065163,1525.2008312089881,1116.524740631781,1964.457849075966
5990,1513.0489827779888,1398.7647153363587,1788.5568569963007,1307.3956776893594,1694.2061305543064
5991,989.4440258471201,944.7639628706128,1760.3385820824085,1282.355126092476,2504.606016639219
5992,1226.8198521247784,938.5633246149048,1275.3589587498868,1092.7100901194465,1710.1624051379163
5993,2338.655804932981,2367.4196980556258,1864.0644261697776,2390.469493927601,3135.8110254215694
5994,1368.2832711716687,1257.409372857266,1878.758368754168,1511.1854161377546,2369.741998787054
5995,2699.0922539567528,2042.1653807110567,2004.1867540472385,1962.6269319929786,3315.772592295187
5996,4183.472077674796,3892.8452188337483,3460.94951152625,4386.407152079478,6096.468152231899
5997,1945.9616399080026,1655.538552571414,1635.7256067114724,1699.478327647534,3036.885149468607
5998,2395.4906228534837,2267.9077687414433,2077.6280404090935,2494.659219004422,3285.8457519538188
5999,1983.8811119135453,1633.3226299275652,2010.8730589344434,1414.4030680079404,2671.3812383530567
6000,2224.8540636928024,2265.1008553489637,2723.7441237481203,3551.122809323065,4614.493415406265
